github_url,stars
github.com/0satoken/eclairs,1
github.com/1054/crab.toolkit.michi2,2
github.com/1313e/cmasher,456
github.com/1313e/prism,46
github.com/21cmfast/21cmemu,4
github.com/3fon3fonov/exostriker,124
github.com/4pisky/fourpisky-core,2
github.com/918particle/askaryanmodule,1
github.com/a-davies/lenscnn,2
github.com/a-griffiths/autospec,5
github.com/aabdurrouf/pixedfit,47
github.com/aakepley/autobox,4
github.com/aamedinburgh/igmtransmission,0
github.com/aarhuscosmology/connect_public,12
github.com/aarhuscosmology/prospect_public,14
github.com/aarondavidschneider/chemcomp,10
github.com/aarondotter/iso,37
github.com/aaryapatil/tapify,14
github.com/aasensio/hazel,7
github.com/aasensio/molpop-cep,3
github.com/aasensio/sicon,10
github.com/aavso/vstar,11
github.com/abacusorg/zeldovich-plt,14
github.com/abaleato/cardiac,3
github.com/abatten/fruitbat,17
github.com/abeelen/powspec,0
github.com/abhisrkckl/gwecc,4
github.com/abhisrkckl/gwecc.jl,6
github.com/abhisrkckl/vela.jl,13
github.com/abmantz/lmc,4
github.com/abmantz/lrgs,20
github.com/abmantz/rgw,2
github.com/abonaldi/trecs,15
github.com/aboucaud/pypher,54
github.com/abs2k12/cocoa,4
github.com/acbecker/hotpants,49
github.com/accarnall/bagpipes,89
github.com/accarnall/spectres,67
github.com/achael/eht-imaging,5303
github.com/aconley/mbb_emcee,9
github.com/aconley/simple_cosfitter,0
github.com/acs-community/acs,29
github.com/acshu/transit-gui,2
github.com/actcollaboration/zcluster,8
github.com/adamjermyn/skye,9
github.com/adammoss/supernovae,12
github.com/adcameron/ffancy,5
github.com/adrijd/beamconv,10
github.com/adrn/gala,141
github.com/adrn/pyia,20
github.com/adrn/schwimmbad,119
github.com/adrn/superfreq,4
github.com/adrn/thejoker,32
github.com/adthomas-astro/oxaf,1
github.com/aemulusproject/bias_emulator,1
github.com/aer-rc/lblrtm,93
github.com/aewallin/allantools,245
github.com/afarahi/kllr,11
github.com/afarahi/pope,4
github.com/afarahi/tatter,3
github.com/afd-illinois/ebhlight,17
github.com/afd-illinois/grim,14
github.com/afd-illinois/iharm3d,16
github.com/afeinstein20/eleanor,98
github.com/afeinstein20/stella,26
github.com/ageller/firefly,73
github.com/agentm-geg/residual_feature_extraction,3
github.com/ageorgakakis/structurefunction,2
github.com/agnieszkajaniuk/gladis,0
github.com/agree019/darkcappy,7
github.com/agreenbaum/gsgs,6
github.com/agreenbaum/implaneia,5
github.com/agsreejith/control,2
github.com/agurvich/fire_studio,14
github.com/ahmed-f-alrefaie/taurex3_public,0
github.com/ahoward-cf/ppmap,5
github.com/ahwkuepper/mcluster,23
github.com/aibhleog/baryon-sweep,4
github.com/aignesti/pt-rex,4
github.com/aimalz/qp,3
github.com/ajeldorado/falco-matlab,22
github.com/ajeldorado/falco-python,11
github.com/ajosephy/clustering,0
github.com/ajshajib/dolphin,21
github.com/ajshajib/lensingetc,2
github.com/ajwheeler/korg.jl,56
github.com/akdeniz-uzay/a-track,19
github.com/akhughes1994/polkat,4
github.com/akleroy/phangs_imaging_scripts,30
github.com/alejandroaviles/fkpt,5
github.com/alejandrobll/py-sphviewer,77
github.com/alejostark/phase_space_cosmo_fisher,1
github.com/alessandramb/nbsymple,0
github.com/alessiospuriomancini/cosmopower,72
github.com/alex88ridolfi/pysolator,3
github.com/alexander-mead/collapse,2
github.com/alexander-mead/hmcode,17
github.com/alexander-mead/pyhalomodel,17
github.com/alexandrosantoniadis/odusseas,6
github.com/alexji/lesspayne,4
github.com/alexmaraio/weaklensingqml,4
github.com/alexpietrow/coco,6
github.com/alexrhowe/apollo,4
github.com/alexrhowe/exovista,9
github.com/allinnell/binsyn,2
github.com/alphaparrot/exoplasim,87
github.com/alphapsa/pipe,13
github.com/altjerue/paramo,2
github.com/alymantara/pydoppler,10
github.com/amanchokshi/embers,3
github.com/amerand/candid,9
github.com/amerand/pmoired,17
github.com/amerand/spips,2
github.com/amrex-astro/castro,322
github.com/amrex-astro/maestro,33
github.com/amrex-astro/maestroex,43
github.com/amrex-astro/nyx,96
github.com/amrex-astro/wdmerger,4
github.com/amrex-codes/amrex,638
github.com/amrvac/amrvac,88
github.com/amusecode/amuse,172
github.com/amusecode/seba,4
github.com/amusecode/starlab,0
github.com/amusecode/tres,12
github.com/an0wen/mardigras,7
github.com/anchal-009/saved21cm,0
github.com/andersdot/photoparallax,2
github.com/andizq/sf3dmodels,16
github.com/andreacaldiroli/ates-code,19
github.com/andreatramacere/jetset,36
github.com/andreimesinger/21cmfast,29
github.com/andrenicolaschene/dragraces,3
github.com/andresgranadosc/galrotpy,17
github.com/andresmegias/gildas-class-python,3
github.com/andresmegias/radex-python,1
github.com/andresmegias/richvalues,12
github.com/andrew-saydjari/cloudcoverr.jl,7
github.com/andrewannex/spiceypy,439
github.com/andrewbuck/orsa,2
github.com/andreytavleev/alphadisc,3
github.com/andycasey/sick,11
github.com/andycasey/smhr,17
github.com/andymummeryastro/tidalspin,1
github.com/aneeshnaik/lintsampler,12
github.com/aneeshnaik/spam,0
github.com/anguswright/lambdar,8
github.com/aninatimmermann/eccoplanets,3
github.com/anirbancosmo/limpy,3
github.com/anisotropela/igmtransfer,0
github.com/anitapetzler/amoeba,2
github.com/ankitbarik/planetmagfields,42
github.com/annacrnn/rebound_fragmentation,6
github.com/annayqho/thecannon,42
github.com/annehutter/astraeus,3
github.com/annehutter/grid-model,10
github.com/annehutter/polyspectrum,3
github.com/antoinedarveau/jwst,1
github.com/antoinemarchal/rohsa,16
github.com/antonpannekoek/sunbather,6
github.com/anuwu/gothic,0
github.com/aobr/gsf,2
github.com/aotools/aotools,133
github.com/apertif/apercal,3
github.com/aplpy/aplpy,174
github.com/aprsa/dips,7
github.com/aprsa/ebai,3
github.com/archaeo-pteryx/powerspeccovfft,4
github.com/argiopetech/base,11
github.com/argonnecpac/diffmah,9
github.com/argonnecpac/diffstar,8
github.com/argonnecpac/dsps,29
github.com/arhstevens/darksage,12
github.com/ariedel/lacewing,2
github.com/arielmission-space/exosim2-public,12
github.com/aringlis/afino_release_version,10
github.com/aristr/pyrate,13
github.com/aritrachakrabarty/gps,2
github.com/aritraghsh09/gamornet,2
github.com/aritraghsh09/gampen,9
github.com/arjunsavel/simmer,8
github.com/arnaudcassan/microlensing,0
github.com/arnauqb/qwind,3
github.com/arnauqb/qwind.jl,2
github.com/aroffringa/aartfaac2ms,2
github.com/artificialstellarpopulations/artpop,61
github.com/artis-mcrt/artis,17
github.com/arviz-devs/arviz,1710
github.com/asgr/celestial,9
github.com/asgr/hyper.fit,7
github.com/asgr/nfwdist,0
github.com/asgr/profound,48
github.com/asgr/profuse,8
github.com/asgr/propane,1
github.com/asgr/prospect,26
github.com/asgr/rfits,11
github.com/asgr/rwcs,7
github.com/ashleychontos/pysyd,27
github.com/ashleyspindler/astrovader-public,3
github.com/askap-craco/celebi,5
github.com/assumpcaothiago/nrpyelliptic,7
github.com/astarvienna/skycalc_ipy,4
github.com/astertaylor/samus,1
github.com/astro-datalab/nsc,6
github.com/astro-friedel/cadre,1
github.com/astro-group-bristol/gradus.jl,28
github.com/astro-informatics/bianchi,0
github.com/astro-informatics/comb,0
github.com/astro-informatics/darkmappy,2
github.com/astro-informatics/fastcswt,4
github.com/astro-informatics/flag-archive,1
github.com/astro-informatics/flaglet-archive,0
github.com/astro-informatics/harmonic,69
github.com/astro-informatics/massmappy,6
github.com/astro-informatics/quantifai,10
github.com/astro-informatics/requisim,1
github.com/astro-informatics/s2,0
github.com/astro-informatics/s2fft,198
github.com/astro-informatics/s2let,19
github.com/astro-informatics/ssht,12
github.com/astro-informatics/stringgen,3
github.com/astro-sean/autophot,28
github.com/astro-sean/escatter,3
github.com/astro-seanwhy/exoint,3
github.com/astroaccelerateorg/astro-accelerate,47
github.com/astroboylrx/plan,5
github.com/astroboylrx/rubble,6
github.com/astrobrent/itera,1
github.com/astrobrent/mappings,4
github.com/astrocaroline/opacity-wizard,5
github.com/astrocatalogs/astrocats,40
github.com/astrochem/visible,13
github.com/astrockragh/mangrove,24
github.com/astrocv/astrocv,85
github.com/astrogilda/mirkwood,10
github.com/astrogpu/swarm,17
github.com/astrom-tom/spartan,1
github.com/astrom-tom/specstack,3
github.com/astromatic/swarp,40
github.com/astromatic/visiomatic,40
github.com/astromatic/weightwatcher,2
github.com/astromb/picsar2d,7
github.com/astromer-science/main-code,6
github.com/astroml/gatspy,87
github.com/astronomical-data-processing/rapp,3
github.com/astronomyk/simcado,5
github.com/astropatel/twinkle,3
github.com/astropy/astroplan,209
github.com/astropy/astroquery,739
github.com/astropy/astroscrappy,77
github.com/astropy/ccdproc,90
github.com/astropy/halotools,115
github.com/astropy/photutils,276
github.com/astropy/pyvo,79
github.com/astropy/reproject,116
github.com/astropy/specutils,186
github.com/astropy/spisea,66
github.com/astrorama/sourcextractorplusplus,81
github.com/astrosmili/smili,52
github.com/astrostat/automark,3
github.com/astrostat/bascs,6
github.com/astrostat/lira,14
github.com/astrostat/td-carma,0
github.com/astrosupriyo/pytanspec,1
github.com/astroua/scimes,19
github.com/astroua/turbustat,66
github.com/astrougent/shadowfax,17
github.com/astroumd/miriad,3
github.com/astrovpk/kali,14
github.com/astroweaver/the_farmer,11
github.com/atakan/keplersolver,0
github.com/atchekho/harmpi,66
github.com/atomec-project/atomec,17
github.com/auckland-cosmo/defrost-mpi,0
github.com/auckland-cosmo/interp-mc,0
github.com/auckland-cosmo/pspectre,2
github.com/auckland-cosmo/pyultralight,16
github.com/austinpeel/herculens,27
github.com/autostronomy/astrophot,94
github.com/autostronomy/autoprof,33
github.com/aviadpi/sparsebls,1
github.com/avigan/pyzelda,3
github.com/avigan/sphere,11
github.com/awmann/m_-m_k-,8
github.com/awsteiner/bamr,9
github.com/awsteiner/o2scl,36
github.com/axgoujon/convex_ridge_regularizers,19
github.com/azeret/galimf,19
github.com/aztekas-code/aztekas-main,6
github.com/b-thorne/pysm_public,24
github.com/backyardworlds/wiseview,3
github.com/baptklein/atmospherix_data_red,2
github.com/bareid/cosmoxi2d,2
github.com/barentsen/dave,6
github.com/barentsen/k2flix,4
github.com/barklem/abo-cross,7
github.com/barklem/hlinop,5
github.com/barklem/kaulakys,0
github.com/barklem/mswavef,1
github.com/barnabytprowe/imcom,5
github.com/basilioruiz/sir-code,9
github.com/basp-group/airi,3
github.com/basp-group/buqo,5
github.com/basp-group/faceted-hypersara,3
github.com/basp-group/optical-interferometry-trilinear,2
github.com/basp-group/puri-psi,0
github.com/basp-group/purify,14
github.com/basp-group/r2d2-ri,7
github.com/basp-group/sara-dimensionality-reduction,4
github.com/basp-group/sara-ppd,1
github.com/basp-group/sopt,21
github.com/bastacode/basta,23
github.com/bayesflare/bayesflare,7
github.com/bayesianstellarevolution/base-cpp,6
github.com/bayesn/bayesn,13
github.com/bbercovici/sbgat,4
github.com/bcalden/clusterpyxt,29
github.com/bccp/nbodykit,113
github.com/bcerutti/zeltron-code,21
github.com/bd-j/forcepho,20
github.com/bd-j/prospector,171
github.com/bd-j/sedpy,33
github.com/bdnyc/sedkit,22
github.com/beast-fitting/beast,26
github.com/beastraban/insane,0
github.com/beckermr/calclens,2
github.com/beckrob/photo-z-sql,2
github.com/bek0s/gbkfit,2
github.com/bek0s/gbkfit-legacy,4
github.com/ben-cassese/squishyplanet,8
github.com/bencebeky/spotrod,5
github.com/benmontet/f3,21
github.com/benrendle/aims,3
github.com/benstahl92/deepsip,6
github.com/benyhh/ml-telescope-pointing-correction,1
github.com/berczik/phi-gpu-mole,5
github.com/bertrandplez/turbospectrum2019,21
github.com/bertrandplez/turbospectrum_nlte,21
github.com/beryl-jingxin/pyexocross,4
github.com/bezuidenhoutmc/seekat,10
github.com/bfalck/origami,2
github.com/bfarr/exocartographer,6
github.com/bfarr/kombine,34
github.com/bgps/distance-omnibus,2
github.com/bhorowitz/hyphy-public,0
github.com/biapyx/biapy,178
github.com/bill-cotton/obit,8
github.com/bill-gray/find_orb,113
github.com/binary-rainer/binary-speckle,0
github.com/birnstiel/two-pop-py,9
github.com/biswajitmb/darpanx,2
github.com/blackjax-devs/blackjax,936
github.com/blankhaar/portal,5
github.com/blanton144/kcorrect,20
github.com/blast-warpx/warpx,359
github.com/bmorris3/aesop,3
github.com/bmorris3/fleck,20
github.com/bmoster/emerge,4
github.com/bogdanciambur/profiler,5
github.com/bolverk/huji-rich,16
github.com/bonfanti88/mcmci,6
github.com/bpairet/mayo_hci,7
github.com/brackham/speclib,3
github.com/bradgreig/21cmmc,6
github.com/bradkav/antiparticledm,1
github.com/bradkav/blackholesdarkdress,10
github.com/bradkav/cevns,17
github.com/bradkav/dmradon,0
github.com/bradkav/earthscatterlikelihood,0
github.com/bradkav/earthshadow,6
github.com/bradkav/nbodyimri,7
github.com/bradkav/rundm,5
github.com/bradkav/verne,4
github.com/bradkav/wimpy_nreft,11
github.com/brandon-rhodes/pyephem,848
github.com/brandon-rhodes/python-jplephem,120
github.com/brandonckelly/carma_pack,41
github.com/bregaldo/pywst,12
github.com/bretonr/icarus,16
github.com/bretthandrews/flexce,18
github.com/brinckmann/montepython_public,97
github.com/brockww/bubblefindingalgorithm,5
github.com/browndwarf/gollum,22
github.com/bruce-chappell/sunnynet,3
github.com/bsafdi/nptfit,11
github.com/bsafdi/stellarwakes,5
github.com/bsumlin/pymiescatt,115
github.com/bu-hammerteam/pyhammer,55
github.com/bwengals/ccsnmultivar,3
github.com/bwinkel/cygrid,36
github.com/bwinkel/cysgp4,24
github.com/bwinkel/pycraf,48
github.com/bwkeller/pasta,3
github.com/bwoshea/zeus-mp_2,9
github.com/bwvdnbro/cmacionize,23
github.com/bwvdnbro/hydrocode1d,1
github.com/c-briddon/selcie,3
github.com/c-white/blacklight,14
github.com/cadenarmstrong/simutrans,3
github.com/cajohare/neutrinofog,24
github.com/cajoterbraak/demc2,1
github.com/calboo/potential_field_calculator,2
github.com/calboo/tawas,0
github.com/calboo/wigglewave,1
github.com/california-planet-search/radvel,63
github.com/callendeprieto/ferre,18
github.com/caltech-ipac/montage,116
github.com/cameronliang/bayesvp,7
github.com/candebellavita/vkompth,6
github.com/captain-exoplanet/misttborn,11
github.com/caracal-pipeline/caracal,32
github.com/caracal-pipeline/stimela,6
github.com/carlosandrepaes/gapp,20
github.com/carloscoba/xooksuut-code,1
github.com/carpenterphysics/darkflux,3
github.com/carpyncho/carpyncho-py,1
github.com/carronj/lensit,26
github.com/carronj/lenspyx,16
github.com/carronj/plancklens,23
github.com/casacore/casacore,125
github.com/casaluca/bolometric-corrections,20
github.com/caseyjlaw/rtpipe,13
github.com/caseyjlaw/tpipe,7
github.com/castro-gzlz/mr-plotter,22
github.com/castro-gzlz/tess-cont,7
github.com/catarinammarques/fishercosmology,2
github.com/catboost/catboost,8494
github.com/catherinezucker/radfil,15
github.com/cavendishastrophysics/anmap,0
github.com/cavendishastrophysics/postmortem,0
github.com/caymanunterborn/exoplex,27
github.com/cblakeastro/intensitypower,2
github.com/cbottrell/realsim,11
github.com/cbottrell/realsim_ifs,9
github.com/cconroy20/alf,11
github.com/cconroy20/fsps,92
github.com/ccsoni/phantom-grape,1
github.com/cdfortenbach/jet,2
github.com/cdominik/optool,32
github.com/cdslaborg/paramonte,290
github.com/cdw9bf/compactgroup,2
github.com/cea-cosmic/pysap,56
github.com/centowen/stacker,3
github.com/cespinosa/pyhiiexplorerv2,3
github.com/cgarraffo/stelnet,1
github.com/cgobat/asymmetric_uncertainty,18
github.com/ch-var/smart,1
github.com/chakrah/sage,3
github.com/chandra-marx/marxs,8
github.com/chandracxc/iris,4
github.com/changhoonhahn/provabgs,18
github.com/changhoonhahn/pyspectrum,10
github.com/cheerfuluser/tessreduce,24
github.com/chelseah/simutrans,0
github.com/chemapalencia/m_smile,3
github.com/cheng-zhao/fcfc,24
github.com/chenjj2/forecaster,23
github.com/chenmi0619/galmoss,17
github.com/chenwuperth/rgz_rcnn,37
github.com/chenyangyao/hipp,12
github.com/chervias/dustfilaments,0
github.com/ches2023/pymsofa,32
github.com/chfeder/turbulence_generator,13
github.com/chianti-atomic/chiantipy,70
github.com/chihchunhsu/smart,8
github.com/chileanvirtualobservatory/indexing_utfsm,0
github.com/cholla-hydro/cholla,69
github.com/chrisbeaumont/brut,13
github.com/chrishales/pieflag,3
github.com/christiangil/stellarspectraobservationfitting.jl,7
github.com/christinahedges/contaminante,7
github.com/christinahedges/tess-sip,17
github.com/christopherlovell/sengi,4
github.com/christophmschaefer/miluphcuda,34
github.com/cieslar/indri,3
github.com/cirada-tools/rm-tools,48
github.com/cjcollin37/isofate,4
github.com/ckarako/rrattrap,2
github.com/ckay314/osprei,6
github.com/ckm3/deep-transit,8
github.com/clemson-cal/sailfish,12
github.com/cloudflex-project/cloudflex,4
github.com/clustermontecarlo/cmc-cosmic,17
github.com/clwainwright/cosmotransitions,36
github.com/cmancone/easygalaxy,13
github.com/cmateu/galstreams,58
github.com/cmateu/pymgc3,9
github.com/cmaureir/gravidy,6
github.com/cmbant/getdist,165
github.com/cmccully/astroscrappy,0
github.com/cmillion/gphoton,21
github.com/cmoestl/3dcore,7
github.com/cmpa/ipic3d,74
github.com/cnsetzer/kilopop,1
github.com/cobayasampler/cobaya,148
github.com/coccoinomane/song,15
github.com/coccoinomane/zelda,1
github.com/cointoolbox/actsnclass,10
github.com/cointoolbox/cosmophotoz,4
github.com/cointoolbox/dracula,4
github.com/coldthunder/nr-code,1
github.com/collinerickson/gaupro,16
github.com/combustiontoolbox/combustion_toolbox,34
github.com/compas/grasp,74
github.com/conormacbride/mcalf,10
github.com/conornally/starbug2,5
github.com/coolworlds/exoinformatics,3
github.com/coolworlds/exopriors,2
github.com/cosimonigro/agnpy,52
github.com/cosmic-popsynth/cosmic,50
github.com/cosmicfish/cosmicfish,12
github.com/cosmicinflation/aspic,5
github.com/cosmicinflation/fieldinf,1
github.com/cosmicrays/dragon,16
github.com/cosmicrays/hermes,27
github.com/cosmo-ethz/cosmohammer,17
github.com/cosmo-ethz/hide,9
github.com/cosmo-ethz/seek,17
github.com/cosmodesi/pycorr,31
github.com/cosmoglobe/zodipy,11
github.com/cosmograil/pycs,4
github.com/cosmoinin/mgpt,3
github.com/cosmolattice/cosmolattice,44
github.com/cosmolike/cosmocov,14
github.com/cosmostat/cosmopmc,2
github.com/cosmostat/glimpse,6
github.com/cosmostat/mccd,13
github.com/cosmostat/nicaea,3
github.com/cosmostat/pmclib,0
github.com/cosmostat/score,7
github.com/cosmostat/shapepipe,17
github.com/cosmostatgw/darksirensstat,12
github.com/cosmostatgw/gwfast,45
github.com/cosmostatgw/mgcosmopop,16
github.com/cosmostatgw/wf4py,17
github.com/cosmotool/eclipse,1
github.com/cpiaulet/smint,9
github.com/cpinte/casa_cube,2
github.com/cpinte/mcfost,26
github.com/cpinte/pymcfost,22
github.com/cpm-project/mcpm,3
github.com/creanero/locus,1
github.com/creanerodias/beammodeltester,0
github.com/crpropa/crpropa2,0
github.com/crpropa/crpropa3,75
github.com/csabiu/kstat,0
github.com/csalyk/spectools_ir,10
github.com/cschreib/egg,19
github.com/csj607/stars,3
github.com/cudisc/cudisc,9
github.com/cullanhowlett/nfwdist,3
github.com/cvbuchem/lavatmos,8
github.com/cvxopt/cvxopt,1018
github.com/cweniger/swordfish,19
github.com/cwru-pat/cmb-multipole_vectors,1
github.com/cwru-pat/cosmograph,14
github.com/cy-xu/cosmic-conn,26
github.com/cylammarco/aspired,30
github.com/cylammarco/wdphottools,20
github.com/d-crake/headss,0
github.com/d4san/multirex-public,2
github.com/daddeptr/needlets,0
github.com/dalya/sequencer,124
github.com/dalya/weirdestgalaxies,32
github.com/damocles-code/damocles,2
github.com/damonge/colore,20
github.com/damonge/crime,4
github.com/damonge/cute,38
github.com/damonge/schnell,4
github.com/danhey/echelle,21
github.com/danhey/maelstrom,7
github.com/daniel-muthukrishna/astrodash,39
github.com/daniel-muthukrishna/astrorapid,16
github.com/danielacarrasco/glaciar,9
github.com/danielapai/bioverse,7
github.com/danielemelini/alma3,10
github.com/danielemichilli/dm_phase,25
github.com/danielemichilli/lsps,0
github.com/danielemichilli/sps,4
github.com/danieljprice/dustywave,0
github.com/danieljprice/ndspmhd,4
github.com/danieljprice/phantom,124
github.com/danieljprice/splash,61
github.com/danielkoll/pyrads,33
github.com/danielkoll/tidally-locked-coordinates,7
github.com/daniellefenech/serpent,0
github.com/danielrd6/ifscube,4
github.com/danielreardon/scintools,20
github.com/danxhuber/evolstate,3
github.com/danxhuber/galclassify,5
github.com/dariagangardt/pagn,12
github.com/darkquestcosmology/dark_emulator_public,23
github.com/darrencroton/sage,21
github.com/dartoon/galight,49
github.com/davi-rodrigues/ccbh-numerics,1
github.com/davi-rodrigues/navanalysis,2
github.com/david-deboer/radiobear,4
github.com/davideamato/naples,4
github.com/davidharvey1986/pyrrg,3
github.com/davidkipping/eccsamples,0
github.com/davidkipping/flicker,0
github.com/davidkipping/inversebeta,0
github.com/davidkipping/ldc3,3
github.com/davidkipping/macula,1
github.com/davidkipping/mah,0
github.com/davidpamos/multimodes,2
github.com/davidt3/xga,34
github.com/davtsang/slimplectic,19
github.com/dawolfgang/mrrelation,2
github.com/dbosul/cwitools,10
github.com/dbuscher/pois,5
github.com/dcorre/otrain,2
github.com/deaglanbartlett/symbolic_pofk,11
github.com/dealii/dealii,1531
github.com/deannashields/spirality,3
github.com/debduttapaul/luminosity_function_of_lgrbs,3
github.com/debduttapaul/luminosity_function_of_sgrbs,0
github.com/dedalusproject/dedalus,589
github.com/dedalusproject/eigentools,13
github.com/deepskies/deeplenstronomy,33
github.com/deepsphere/deepsphere-cosmo-tf1,133
github.com/delphes/delphes,113
github.com/demorest/nanopipe,7
github.com/dendrograms/astrodendro,44
github.com/denisleahy/roche-radius-calculator,1
github.com/denisleahy/snrmodels,13
github.com/deniswerth/cosmoflow,10
github.com/dentalfloss1/rats,1
github.com/desihub/desitarget,23
github.com/desihub/fastspecfit,16
github.com/devanshkv/fetch,50
github.com/devries/analytic_infall,1
github.com/dewberryjanosz/polyrot,0
github.com/deyht/cianna,49
github.com/dfm/celerite,185
github.com/dfm/corner.py,541
github.com/dfm/exopop,5
github.com/dfm/ketu,11
github.com/dfm/kplr,39
github.com/dfm/photodynam,4
github.com/dfm/python-bls,16
github.com/dfm/python-fsps,71
github.com/dgerosa/gwdet,10
github.com/dgerosa/precession,36
github.com/dgerosa/spops,6
github.com/dgerosa/surrkick,17
github.com/dgrin1/axioncamb,21
github.com/dh4gan/grapus,0
github.com/dhubber/seren,14
github.com/dingshandeng/diskmint,3
github.com/dipangwvu/spegid,2
github.com/dipto4/falcon_dm,0
github.com/dirac-institute/asterogap,1
github.com/directdm/directdm-mma,1
github.com/directdm/directdm-py,6
github.com/discsim/frank,20
github.com/djarmstrong/transitsom,1
github.com/djbard/ccogs,14
github.com/djgroen/mpwide,7
github.com/djones1040/pythonphot,40
github.com/djsutherland/py-sdm,48
github.com/dkhaz/bingo,4
github.com/dkirkby/gphist,4
github.com/dlakaplan/pulsarsurveyscraper,7
github.com/dmentipl/plonk,38
github.com/dmgw-goethe/imripy,12
github.com/dmilakovic/qsosim10,1
github.com/dmvandamt/beyonce,0
github.com/dnarayanan/powderday,22
github.com/dnwrnr/sgp4,159
github.com/dokester/bayesicfitting,55
github.com/dokkum/maskfill,24
github.com/dolaver/calsagos,8
github.com/domeckert/hydromass,3
github.com/domeckert/proffit,0
github.com/donghiagroup/mgwave,1
github.com/doriancazeneuve/odnet,1
github.com/dpthorngren/planetslicer,0
github.com/drexellenser/lenser,3
github.com/drjiezheng/meanoffset,0
github.com/drphilmarshall/humvi,18
github.com/drphilmarshall/pangloss,10
github.com/drupke/ifsfit,6
github.com/drupke/ifsred,8
github.com/drupke/questfit,1
github.com/ds283/cpptransport,4
github.com/dsavransky/exosims,34
github.com/dsheward-astro/pynaple,6
github.com/dstndstn/astrometry.net,750
github.com/dstndstn/tractor,88
github.com/dtamayo/reboundx,105
github.com/dtanoglidis/deepshadows,18
github.com/dtsuna/binary_precursor,1
github.com/dtsuna/chips,12
github.com/duducosmos/pycosmicstar,2
github.com/duetosymmetry/qnm,45
github.com/duffell/disco,18
github.com/duffell/rt1d,9
github.com/dullemond/radmc3d-2.0,72
github.com/duncanforgan/grapus,0
github.com/duncanforgan/oberon,2
github.com/duncanforgan/tache,6
github.com/dusanmarceta/synthetic-population-of-interstellar-objects,3
github.com/dvallesp/asohf,4
github.com/dvallesp/vortex,9
github.com/dvallesp/vortex-p,1
github.com/dwkim78/astride,55
github.com/dwkim78/pdtrend,12
github.com/dwkim78/upsilon,44
github.com/dylan-aliberti/kepler-collisions,0
github.com/dylancromer/maszcal,2
github.com/dylancromer/ostrich,2
github.com/dynamics-of-stellar-systems/dynamite,19
github.com/dzesmin/tea,28
github.com/e-koch/filfinder,42
github.com/e-merlin/emerlin_casa_pipeline,14
github.com/eabaron/synow,2
github.com/eaobservatory/jcmt_coadd,0
github.com/eas342/tshirt,9
github.com/ebachelet/pylima,33
github.com/ebellm/pyraf-dbsp,8
github.com/eblur/dust,8
github.com/ebmonson/2dfftutils-module,1
github.com/edanrein/pyppluss,3
github.com/edoardocarlesi/cmbeasy,4
github.com/eelregit/covdisc,5
github.com/eelregit/mcfit,34
github.com/eelregit/pmwd,83
github.com/egaraldi/zinco,1
github.com/eggplantbren/dnest3,20
github.com/eggplantbren/dnest4,70
github.com/eggplantbren/exoplanet,1
github.com/eggplantbren/rjobject,4
github.com/eggplantbren/rmhb,0
github.com/egjergo/galcem,11
github.com/egpbos/barcode,1
github.com/egstrom/cluster-in-a-box,1
github.com/eigendev/simbi,11
github.com/einsteinpy/einsteinpy,650
github.com/ejhigson/dypolychord,22
github.com/ejhigson/nestcheck,15
github.com/ejhigson/perfectns,5
github.com/ejsafron/satchel,1
github.com/ekaterinailin/altaipony,26
github.com/ekerrison/radiosed,4
github.com/el2718/fastqsl,6
github.com/eleeastro/gcmcrt,17
github.com/eleeastro/mini_chem,4
github.com/eliabcanul/nauyaca,1
github.com/eliotayache-nv/gamma,11
github.com/elisej/astroabc,40
github.com/elisej/superabc,1
github.com/elizakempton/exo_transmit,36
github.com/elnjensen/tapir,11
github.com/elseviersoftwarex/softx-d-23-00559,0
github.com/elseviersoftwarex/softx_2020_119,0
github.com/elsner/arkcos,2
github.com/eltevo/steps,13
github.com/emacss/emacss,16
github.com/emerge-erc/alminer,24
github.com/emhuff/balrog,10
github.com/emmanuelschaan/halogen,7
github.com/emmanuelschaan/lassi,0
github.com/emmanuelschaan/lensquest,6
github.com/emmanuelschaan/thumbstack,8
github.com/emossoux/lifeline,1
github.com/enricocorsaro/diamonds,9
github.com/enricocorsaro/famed,2
github.com/enthought/mayavi,1366
github.com/enthusi/feline,3
github.com/enzo-project/enzo-dev,95
github.com/eorimaging/fhd,20
github.com/epfl-radio-astro/lisa,1
github.com/epfl-radio-astro/pinion,1
github.com/epic-astronomy/epic,5
github.com/equib/equib,0
github.com/eranofek/maat,37
github.com/ericagol/celerite.jl,9
github.com/ericagol/nbodygradient.jl,26
github.com/ericagol/ttvfaster,11
github.com/ericmandel/funtools,26
github.com/ericsteinbring/aotools,0
github.com/ericsteinbring/pdq,0
github.com/ericsteinbring/special-blurring,0
github.com/ericsteinbring/virtual_telescope,0
github.com/erikhom/aida,21
github.com/ernewton/tellrv,2
github.com/esandford/eightbittransit,8
github.com/esheldon/ngmix,45
github.com/esopanda/ftbg,3
github.com/esperlman/jetcurry,0
github.com/esplint/iracpm,0
github.com/esquivas/guacho,7
github.com/etempel/bisous,3
github.com/ethankruse/koi3278,9
github.com/evanoconnor/gr1d,42
github.com/eventdisplay/eventdisplay,13
github.com/ewanbarr/peasoup,29
github.com/execlim/isca,148
github.com/exo-mercat/exo-mercat,2
github.com/exo-mercat/exo-mercat-gui,0
github.com/exoarcturus/triarc,0
github.com/exobssim/exorad2-public,12
github.com/exobssim/rapoc-public,4
github.com/exoclam/clairvoyance,2
github.com/exoclam/gaspery,5
github.com/exoclim/aeolus,16
github.com/exoclime/hela,12
github.com/exoclime/helios,44
github.com/exoclime/helios-k,21
github.com/exoclime/thor,42
github.com/exoclime/vulcan,54
github.com/exoctk/exoctk,41
github.com/exojulia/exoplanetssyssim.jl,9
github.com/exojulia/syssimexclusters,4
github.com/exomishra/kobe,2
github.com/exoml/plan-net,11
github.com/exoplanet-dev/celerite2,76
github.com/exoplanet-dev/exoplanet,223
github.com/exoplanet-dev/jaxoplanet,63
github.com/exoplanetml/nigraha,3
github.com/exosim/exosimpublic,14
github.com/exosports/bart,34
github.com/exosports/homer,4
github.com/exosports/marge,10
github.com/exosports/transit,9
github.com/extremegravityinstitute/lisa-massive-black-hole,3
github.com/extremegravityinstitute/quickcbc,8
github.com/ezquiaga/phazap,1
github.com/fabiorigamonti/bang,3
github.com/fabiorigamonti/pyadfit,2
github.com/facebookresearch/faiss,36377
github.com/facom/bhmcalc,3
github.com/facom/exorings,0
github.com/facom/tidev,2
github.com/fargo3d/fargo3d,22
github.com/farhanferoz/bambi,3
github.com/farhanferoz/multinest,70
github.com/farhanferoz/skynet,4
github.com/fastpm/fastpm,63
github.com/fcastagna/joxsz,11
github.com/fcastagna/preprofit,6
github.com/fdebras/eclips3d,3
github.com/fdps/fdps,88
github.com/federicomarulli/cosmobolognalib,17
github.com/felixbosco/keplerfit,4
github.com/fenyutanchan/solar-vsi,0
github.com/fergusdonnan/pahdecomp,5
github.com/fergusdonnan/pyroa,10
github.com/fergusdonnan/running-optimal-average,1
github.com/fermi-lat/fermitools-conda,41
github.com/fermipy/fermipy,56
github.com/fforster/delight,7
github.com/fgbuster/fgbuster,16
github.com/fhtouma/subgen2,2
github.com/finagle29/dbsp_drp,8
github.com/fiorenst/autosourceid-light,6
github.com/fireflyspectra/firefly_release,28
github.com/fjankowsk/scatfit,2
github.com/fjdu/myradex,9
github.com/fjdu/rac-2d,4
github.com/fkeruzore/panco2,4
github.com/fkeruzore/picasso,2
github.com/fkiwy/astrotoolbox,10
github.com/fkiwy/finder_charts,5
github.com/fkiwy/untimely_catalog_explorer,16
github.com/fkoehlin/montepython_2cosmos_public,2
github.com/flaminiafortuni/forecast,2
github.com/flatironinstitute/finufft,362
github.com/flatironinstitute/nifty-ls,43
github.com/flexible-atomic-code/fac,84
github.com/florentrenaud/nbody6tt,2
github.com/florian-lienhard/mm-lsd,5
github.com/florpi/sunbird,2
github.com/fluxml/flux.jl,4656
github.com/fmihpc/analysator,7
github.com/fmihpc/vlasiator,57
github.com/forceflow1049/phast,1
github.com/fpavogt/e0102-vr,2
github.com/francescoa97outlook/pyexorama,3
github.com/franciscovillaescusa/pylians,42
github.com/franciscovillaescusa/pylians3,66
github.com/franpoz/sherlock,22
github.com/fraserw/trippy,21
github.com/frbs/frb,64
github.com/fred3m/astro-toyz,3
github.com/fred3m/toyz,16
github.com/frescigno/magpy_rv,3
github.com/fripon/freeture,56
github.com/fruzsinaagocs/oscode,32
github.com/frycast/rcosmo,18
github.com/fwhigh/stellar-locus-regression,5
github.com/fzagaria/copops,0
github.com/gabrielacr/agnfitter,56
github.com/gabrieleparimbelli/colibri,3
github.com/gaiana/nirdust,5
github.com/galactic-ai/haloflow,3
github.com/galacticdynamics-oxford/agama,103
github.com/galacticusorg/galacticus,36
github.com/galkintool/galkin,3
github.com/galletflorian/tatoo,2
github.com/galsim-developers/galsim,247
github.com/galtay/rabacus,6
github.com/galtay/sphray,5
github.com/galtay/urchin,0
github.com/gambitbsm/ddcalc,7
github.com/gambitbsm/gambit_1.5,4
github.com/gambitbsm/gambit_2.5,1
github.com/gambitbsm/pippi,11
github.com/gammacascade/gcascade,3
github.com/gammapy/enrico,23
github.com/gammapy/gammapy,257
github.com/garrelt/c2-ray1d,7
github.com/garrelt/c2-ray3dm,19
github.com/garrelt/c2-ray3dm1d_helium,8
github.com/gausspy/gausspy,50
github.com/gbernstein/gbdes,6
github.com/gbernstein/pixmappy,3
github.com/gbrammer/eazy-photoz,60
github.com/gbrammer/grizli,81
github.com/gbrammer/threedhst,12
github.com/gbrammer/unicorn,2
github.com/gcalderone/qsfit,15
github.com/gdrouart/mrmoose,8
github.com/geminidrsoftware/dragons,32
github.com/geodynamics/burnman,65
github.com/geodynamics/rayleigh,70
github.com/geoffryan/afterglowpy,42
github.com/geza-kovacs/tran_k2,0
github.com/ggmichael/craterstats,38
github.com/ggobi/ggobi,28
github.com/gheald/rmclean,1
github.com/gijsmulders/epos,22
github.com/giuspugl/fgcluster,0
github.com/giuspugl/mcmole3d,0
github.com/giuspugl/picasso,2
github.com/gkulkarni/qlf,8
github.com/glass-dev/glass,40
github.com/glenco/lensed,5
github.com/glue-viz/glue,761
github.com/gmbrandt/htof,13
github.com/gmbrandt/xwavecal,5
github.com/gmzsebastian/fleet,9
github.com/gnave/pybranch,1
github.com/gnave/xgremlin,4
github.com/gnuradio/gnuradio,5572
github.com/goals-survey/cafe,16
github.com/gogrean/pyxel,3
github.com/goobley/radynversion,12
github.com/google/flax,6715
github.com/google/jax,32960
github.com/gotsunami/youpi,8
github.com/gperezs/starcnet,5
github.com/grackle-project/grackle,28
github.com/grahambell/pymoc,6
github.com/grazianoucci/cosmic_variance,1
github.com/grazianoucci/game,1
github.com/grburgess/popsynth,14
github.com/grburgess/pynchrotron,15
github.com/grd349/pbjam,18
github.com/grit-rbsim/grit,12
github.com/grtlcollaboration/grchombo,98
github.com/grtlcollaboration/grdzhadzha,10
github.com/grtlcollaboration/grfolres,5
github.com/grzeimann/diagnose,3
github.com/gsuissa/hardcore,4
github.com/gtoth-umich/vac,2
github.com/gtw2i/ga-galaxy,0
github.com/guangtunbenzhu/nonnegmfpy,32
github.com/guangtunbenzhu/setcoverpy,58
github.com/guillochon/mosfit,46
github.com/gully/blase,28
github.com/guo-jian-wang/colfi,3
github.com/gururajw/superlite,4
github.com/guynir42/radon,3
github.com/gwastro/pycbc,346
github.com/gwpy/gwpy,378
github.com/h-e-l-p/xid_plus,3
github.com/hablabx/rfast,4
github.com/haimengzhao/magic-microlensing,12
github.com/hajimekawahara/exojax,61
github.com/hajimekawahara/juwvid,16
github.com/hajimekawahara/sot,10
github.com/halhaggard/earl,0
github.com/halomod/halomod,33
github.com/halomod/hmf,72
github.com/hamers/secularmultiple,11
github.com/hamers/tpi,0
github.com/handley-lab/anesthetic,60
github.com/handley-lab/fgivenx,22
github.com/hannorein/rebound,974
github.com/hanyk/bayesed3,16
github.com/haowang-astro/jetsimpy,17
github.com/haowenzhang/trinity,8
github.com/harmoni-elt/hsim,10
github.com/hawinther/fml,19
github.com/hawinther/mg-picola-public,13
github.com/hdeeg/kvw,5
github.com/hdeeg/utm_ufit,0
github.com/healpy/healpy,285
github.com/healytwin1/hiss,3
github.com/heatherprince/cosmoped,8
github.com/helenqu/scone,5
github.com/heliopython/heliopy,67
github.com/helioviewer-project/jhelioviewer-swhv,56
github.com/helonghuangastro/exolyn,6
github.com/hemantaph/ler,4
github.com/hematthi/syssimpymmen,2
github.com/hematthi/syssimpyplots,2
github.com/hengyuez/astrofix,10
github.com/henrikju/resolve,9
github.com/henrykhaniewicz/psrvoid,0
github.com/henrysky/astronn,201
github.com/henrysting/blmtree,0
github.com/hera-team/aipy,47
github.com/hera-team/hera_opm,2
github.com/hera-team/librarian,6
github.com/hera-team/matvis,2
github.com/heracles-ec/heracles,5
github.com/herculens/herculens,27
github.com/herjy/slit,0
github.com/herta/frbstats,24
github.com/hfarias/mask_galaxy,9
github.com/hi-colacode/hi-cola,9
github.com/hibridon/hibridon,6
github.com/higgins00/tess-localize,20
github.com/hinleung622/pipes_vis,14
github.com/hippke/communication,1
github.com/hippke/pandora,23
github.com/hippke/pyose,2
github.com/hippke/tls,56
github.com/hippke/wotan,158
github.com/hits-ain/gpcc.jl,2
github.com/hits-ain/pink,23
github.com/hjens/lasso_spectra,1
github.com/hjozwiak-umk/bigos_h2he,1
github.com/hmtabernero/stepar,10
github.com/hmtabernero/steparsyn,9
github.com/hoeijmakers/tayph,10
github.com/hoiting/lzifu,6
github.com/hombit/freddi,8
github.com/hongwanliu/darkhistory,21
github.com/hotokezaka/heatingrate,7
github.com/hpavlov/tangra3,7
github.com/hpc4cmb/toast,44
github.com/hposborn/monotools,9
github.com/hpparvi/ldtk,31
github.com/hpparvi/muscat2_transit_pipeline,5
github.com/hpparvi/opents,7
github.com/hpparvi/pytransit,104
github.com/hpparvi/spright,10
github.com/hsocasnavarro/nicole,28
github.com/hsso/crete,1
github.com/htjb/globalemu,4
github.com/htjb/margarine,13
github.com/htjb/maxsmooth,7
github.com/huang-cl/magrathea,19
github.com/huchiayu/particlegridmapper.jl,4
github.com/hungyipu/odyssey,18
github.com/hveerten/boxfit,7
github.com/hveerten/katu,15
github.com/hwang-summit/hcgrid,6
github.com/hyperopt/hyperopt,7450
github.com/hyperthetical/darkmatters,4
github.com/hytrac/amber,6
github.com/iaart/aart,45
github.com/iain-mcdonald/pyssed,10
github.com/ialopezt/gallenspy,5
github.com/iancze/diskjockey,10
github.com/iancze/psoap,30
github.com/ianheywood/oxkat,30
github.com/ianheywood/pony3d,0
github.com/ianhinder/kranc,30
github.com/icecube/taurunner,11
github.com/icecube/toise,9
github.com/icrar/daliuge,26
github.com/icrar/libprofit,14
github.com/icrar/profit,31
github.com/icrar/pyprofit,15
github.com/icrar/shark,29
github.com/ideasrule/platon,29
github.com/ideasrule/pytpci,2
github.com/idefix-code/idefix,31
github.com/iftachsadeh/annz,30
github.com/igmhub/baofit,9
github.com/igmhub/forestflow,1
github.com/igmhub/lyacolore,4
github.com/igmhub/picca,33
github.com/igrins/plp,18
github.com/ilaudy/piao,0
github.com/imcgreer/simqso,11
github.com/information-field-theory/d3po,3
github.com/information-field-theory/nifty,23
github.com/inigozubeldia/cosmocnc,10
github.com/inigozubeldia/szifi,10
github.com/inonchiu/comest,6
github.com/interferopy/interferopy,13
github.com/iraf-community/iraf,161
github.com/iraf-community/pyraf,64
github.com/ireis/prf,130
github.com/isadoranun/fats,75
github.com/ismael-mendoza/shapemeasurementfisherformalism,2
github.com/ismaelpessa/pymuse,9
github.com/ita-solar/rh,19
github.com/ivastar/clear,0
github.com/ixkael/3dex,5
github.com/ixkael/delight,8
github.com/ixkael/quicksip,5
github.com/j-erler/pymf,7
github.com/j-faria/bgls,8
github.com/j0r1/grale2,6
github.com/jadexter/grtrans,35
github.com/jah1994/pytorchdia,14
github.com/jaimedelacruz/stic,22
github.com/jaimerzp/limberjack.jl,8
github.com/jakeown/astroclover,2
github.com/jakeret/abcpmc,41
github.com/jakeret/tf_unet,1907
github.com/jakevdp/wpca,156
github.com/jakobherpich/pyics,4
github.com/jakobroche/ocsvm-transit-detection,0
github.com/jalusk/lumiere,5
github.com/james-m-osborn/astrosat,20
github.com/jamesaird/fast,10
github.com/jameskirk11/tiberius,1
github.com/jamiedietrich/dynamite,11
github.com/jammy2211/pyautolens,171
github.com/jan-orkisz/colume,1
github.com/jan-rybizki/chempy,32
github.com/jan-rybizki/galaxia_wrap,6
github.com/jan-rybizki/gdr2_completeness,9
github.com/jaschers/damspi,1
github.com/jashcraf/poke,42
github.com/jashunt/snapdragons,2
github.com/javicarron/mtneedlet,4
github.com/javicarron/pynkowski,22
github.com/jax-ml/jax,32960
github.com/jaymurthy/jude,4
github.com/jayshil/pycdata,0
github.com/jbattat/pep_core,4
github.com/jbjolly/linestacker,6
github.com/jbrakensiek/corbits,1
github.com/jbroll/starbase,0
github.com/jcforbes/gidget,0
github.com/jcgoran/coffe,7
github.com/jcibanezm/dustcharge,0
github.com/jcolinhill/pyilc,7
github.com/jcoupon/swot,8
github.com/jcoupon/venice,12
github.com/jdabringhausen/bipos1,4
github.com/jdcphysics/validation,0
github.com/jdeast/exofastv2,42
github.com/jdhenshaw/acorns,7
github.com/jdhenshaw/scouse,9
github.com/jdhenshaw/scousepy,22
github.com/jdonnert/wvtics,9
github.com/jdswinbank/comet,23
github.com/jefflcoughlin/ephemmatch,0
github.com/jefflcoughlin/skye,0
github.com/jeffzhen/omnical,4
github.com/jeremycouturier/ncorpion,4
github.com/jeremysanders/contbin,13
github.com/jeremysanders/dsdeproj,7
github.com/jeremysanders/ggm,12
github.com/jeremysanders/mbproj2,5
github.com/jeremysanders/spex_to_xspec,6
github.com/jeremysanders/xspec_emcee,30
github.com/jesford/cluster-lensing,18
github.com/jesper-karsten/mbasc,4
github.com/jesustorrado/extrapops,7
github.com/jfalconbarroso/bayes-losvd,6
github.com/jfoster17/extinction-distances,0
github.com/jfwallin/jspam,3
github.com/jgagneastro/banyan_sigma,19
github.com/jgagneastro/banyan_sigma_idl,0
github.com/jgagneastro/comover,0
github.com/jgducoin/galclaim,1
github.com/jgieseler/solarmach,33
github.com/jharno/cubep3m,35
github.com/jhayoz/crocodile,0
github.com/jhparkastro/gpcal,4
github.com/jiangfangzhou/sidm,6
github.com/jiangyuts/facetclumps,3
github.com/jieweihuang/coport,9
github.com/jieyu126/jitter,2
github.com/jiffyclub/palettable,799
github.com/jingxuan97/nemesispy,10
github.com/jiwoncpark/baobab,11
github.com/jixingge/ggchempy,9
github.com/jkluter/mlg,2
github.com/jkrogager/voigtfit,32
github.com/jlbline/puma,9
github.com/jlenain/flaapluc,9
github.com/jlillo/tpfplotter,36
github.com/jls713/tact,8
github.com/jluastro/popsycle,16
github.com/jlustigy/coronagraph,6
github.com/jmackereth/orbit-estimation,3
github.com/jmd-dk/concept,86
github.com/jmlascar/sushi,6
github.com/jmschrei/pomegranate,3465
github.com/jmsdsouzaphd/gwdali,10
github.com/jo276/evapmass,8
github.com/joacoh/wise2mbh,3
github.com/joannegger/planetic,3
github.com/jobovy/apogee,45
github.com/jobovy/extreme-deconvolution,80
github.com/jobovy/gaia_tools,68
github.com/jobovy/galpy,246
github.com/jobovy/segueselect,0
github.com/jobovy/simple-m2m,4
github.com/jobovy/stream-stream,5
github.com/jobovy/streamgap-pepper,5
github.com/joe-antognini/kozai,6
github.com/joehahn/ddisk,0
github.com/joeldhartman/vartools,33
github.com/joemcewen/fast-pt,20
github.com/joezuntz/cosmosis,23
github.com/johannes-sahlmann/pygacs,5
github.com/johannesbuchner/bxa,64
github.com/johannesbuchner/nway,66
github.com/johannesbuchner/pymultinest,205
github.com/johannesbuchner/ultranest,187
github.com/johannesulf/dsigma,27
github.com/johnh2o2/cuvarbase,30
github.com/johnh2o2/ggadt,4
github.com/johnveitch/cpnest,29
github.com/jonaselgammal/gpry,28
github.com/jonathanfreundlich/cuspcore,2
github.com/jonathansick/moastro,4
github.com/jonathansick/skyoffset,0
github.com/jonathansick/starfish,3
github.com/jonzink/edi-vetter,2
github.com/jonzink/edi_vetter_unplugged,2
github.com/joost987/mondpmesh,4
github.com/jordanflitter/21cmfirstclass,7
github.com/jorgefz/photoevolver,5
github.com/joschaj/mockfrbhosts,0
github.com/josegit88/scorpio,3
github.com/joshspeagle/dynesty,381
github.com/joshuabarnes/zeno,19
github.com/joshuakt/oxygen-false-positives,6
github.com/jpahlers/lasr,0
github.com/jpcoles/glass,1
github.com/jpcoles/mosaic,2
github.com/jpierel14/snsed,3
github.com/jpierel14/snsed_repository,0
github.com/jpierel14/sntd,5
github.com/jpober/21cmsense,24
github.com/jradavenport/appaloosa,9
github.com/jradavenport/fbeye,2
github.com/jradavenport/thehammer,4
github.com/jradcliffe5/multi_self_cal,1
github.com/jrenaud90/tidalpy,20
github.com/jronayne/pytransport,20
github.com/jruffio/breads,9
github.com/jsobeck/moog_scat,5
github.com/jstuecker/adiabatic-tides,3
github.com/jtksai/pycool,13
github.com/jtschindler/sculptor,9
github.com/julblarod/sophism,3
github.com/juliadiff/forwarddiff.jl,948
github.com/juliadiff/reversediff.jl,377
github.com/julianbmunoz/21cmvfast,5
github.com/julianbmunoz/relicfast,4
github.com/julianbmunoz/zeus21,17
github.com/julianzding/unimap,0
github.com/julienpeloton/s4cmb,10
github.com/juliohc00/pepita,2
github.com/juliotux/astropop,17
github.com/junkoda/cola_halo,9
github.com/junkoda/sidm-nbody,8
github.com/justincfeng/pomin,7
github.com/justinread/gravsphere,8
github.com/justyncw/star_melt,7
github.com/juzikong/photgalimf,0
github.com/jvc2688/k2-cpm,3
github.com/jveitchmichaelis/pygadgetreader,9
github.com/jw-lin/cbeam,6
github.com/jw-lin/lightbeam,12
github.com/jwgcarlson/copter,8
github.com/jzuhone/pyxsim,21
github.com/kambrian/hbt,3
github.com/kambrian/hbtplus,22
github.com/kambrian/subgen,4
github.com/kamuish/archi,1
github.com/karllark/dirty_dustrt,5
github.com/karllark/measure_extinction,0
github.com/karpov-sv/stdpipe,15
github.com/kartheikiyer/dense_basis,23
github.com/kateharborne/create_simspinfile,0
github.com/kateharborne/simspin,25
github.com/kathlandgren/swampe,12
github.com/kathrinnp/darkraynet,9
github.com/kathrynjones1/catwoman,4
github.com/kbarbary/nestle,75
github.com/kboone/avocado,90
github.com/kd0kfo/cosmology,0
github.com/kdeck/ttvfast,19
github.com/keatonb/pyriod,42
github.com/keatonb/tess_prf,10
github.com/keck-datareductionpipelines/kcwi_drp,10
github.com/keck-datareductionpipelines/kcwidrp,10
github.com/keck-datareductionpipelines/mosfiredrp,10
github.com/keck-datareductionpipelines/osirisdrp,16
github.com/keckert7/codes,0
github.com/keflavich/higal_sedfitter,2
github.com/kemasuda/jnkepler,12
github.com/kenethgarcia/classipygrb,17
github.com/kennethcarrell/atarri,1
github.com/keplergo/k2fov,11
github.com/keplergo/k2mosaic,10
github.com/keplergo/kadenza,12
github.com/keplergo/pyke,120
github.com/keras-team/keras,63255
github.com/kernsuite-debian/parseltongue,0
github.com/kevin218/eureka,67
github.com/kfindeisen/lightcurvemc,2
github.com/kgullikson88/companion-finder,3
github.com/kgullikson88/telluric-fitter,21
github.com/kibokov/grumpy,1
github.com/kim554/wdec,12
github.com/kima-org/kima,7
github.com/kirxkirx/vast,15
github.com/kiyo-masui/bitshuffle,228
github.com/kkma89/dmcalc,4
github.com/kkritos/rapster,13
github.com/kmsurrao/remastered,6
github.com/knaidoo29/mistree,51
github.com/kokron/anzu,10
github.com/kokron/skyline,2
github.com/kotekan/kotekan,29
github.com/koustavchandra/gwforge,14
github.com/kpenev/poet,10
github.com/kpicteam/kpic_pipeline,3
github.com/kristiantcho/flashcurve,5
github.com/kushaltirumala/waldoinsky,3
github.com/kusmic/pycosie,1
github.com/kyleaoman/martini,19
github.com/kylemede/exosoft,9
github.com/labjg/fibmeasure,0
github.com/ladsantos/flatstar,4
github.com/ladsantos/p-winds,12
github.com/lanl/swiftbat_python,11
github.com/laristra/flecsph,19
github.com/latrop/deca,4
github.com/lauraherold/pinc,1
github.com/lauralwatkins/cjam,11
github.com/laynep/multimodecode,0
github.com/lazzati-astro/mcrat,10
github.com/lbalkenhol/candl,21
github.com/lberaldoesilva/naif,7
github.com/lcogt/banzai,30
github.com/lcogt/banzai-nres,4
github.com/lcogt/neoexchange,7
github.com/lee-group-cmu/cdetools,12
github.com/lee-group-cmu/nnkcde,10
github.com/lee-group-cmu/rfcde,42
github.com/legacysurvey/legacypipe,38
github.com/legacysurvey/unwise_psf,3
github.com/legolason/pyqsofit,78
github.com/leigh2/cetra,6
github.com/lengoctram/dustpol_py,6
github.com/leonidprinceton/lightweightspacecoronagraphsimulator,2
github.com/lesgourg/class_public,267
github.com/lgbouma/gyro-interp,12
github.com/lgrcia/nuance,19
github.com/lgrcia/prose,59
github.com/li-yangyang/lotus,11
github.com/liamedeiros/ehtplot,54
github.com/libgamera/gamera,33
github.com/libsharp/libsharp,24
github.com/light-curve/light-curve,20
github.com/light-curve/light-curve-python,25
github.com/lightkurve/lightkurve,459
github.com/liltsliverfish/a-time-series-reconstruction-method-of-massive-astronomical-catalogues-based-on-spark,0
github.com/lime-rt/lime,25
github.com/linc-tw/camelus,4
github.com/lindleylentati/cobra,1
github.com/lindleylentati/temponest,12
github.com/lisadang27/spca,3
github.com/liuhao-cn/fastsht,15
github.com/liulei/volks2,0
github.com/lkreidberg/batman,93
github.com/llnl/spheral,68
github.com/lmfit/lmfit-py,1143
github.com/lmwalkowicz/cheetah,1
github.com/lofar-astron/dp3,19
github.com/lofar-astron/pybdsf,52
github.com/lofar-astron/rmextract,31
github.com/logan-pearce/lofti_gaia,8
github.com/loganamorrison/blackthorn,2
github.com/loganamorrison/hazma,12
github.com/londumas/redvsblue,6
github.com/lorenaacuna/gastli,7
github.com/low-sky/cprops,8
github.com/lsstdesc/blendingtoolkit,30
github.com/lsstdesc/ccl,155
github.com/lsstdesc/chroma,8
github.com/lsstdesc/descqa,8
github.com/lsstdesc/namaster,60
github.com/lsstdesc/parsnip,8
github.com/lsstdesc/snmachine,11
github.com/lsstdesc/spectractor,16
github.com/lsstdesc/weaklensingdeblending,14
github.com/lteinturier/cloud-killer-,0
github.com/ltlancas/walter,4
github.com/lucabaldini/ixpeobssim,15
github.com/lucaborsato/trades,9
github.com/lucajrossi/nigo,3
github.com/lucamalavolta/ccfpams,2
github.com/lucamalavolta/pyorbit,30
github.com/lucatelli/morphen,0
github.com/lucijspeert/eclipsr,2
github.com/lucijspeert/star_shadow,2
github.com/luisgoncalves1/clown,1
github.com/luizfelippesr/galmag,5
github.com/luizfelippesr/magnetizer,6
github.com/lukaswenzl/magnification_bias_estimation_in_galaxy_surveys,0
github.com/luxsrc/gray,52
github.com/lwa-project/bifrost,69
github.com/lwang-astro/petar,101
github.com/lwang-astro/sdar,7
github.com/lyalpha/pympc,5
github.com/lyalpha/spalipy,11
github.com/lyf222/alpconv,1
github.com/lynx-x-ray-observatory/soxs,16
github.com/maayane/catshtm,29
github.com/macrocosme/shwirl,5
github.com/madhatdm/madhat,1
github.com/madysonb/eva,3
github.com/mafaldadias/mtransport,4
github.com/magic-sph/magic,86
github.com/magritte-code/magritte,22
github.com/maho3/ltu-ili,61
github.com/mamartinod/grip-nulling,2
github.com/manodeep/corrfunc,180
github.com/manodeep/tesseract,0
github.com/marblestation/ispec,33
github.com/marblestation/posidonius,28
github.com/marcneveu/icydwarf,13
github.com/marcvdsluys/spinspiral,0
github.com/margudo/lssgalpy,10
github.com/mariapetro/lehamoc,12
github.com/mariatsantaki/fasma-synthesis,21
github.com/mariogrs/simfast21,16
github.com/marioromeroc/mixclask,1
github.com/marius311/cosmoslik,5
github.com/marius311/pypico,8
github.com/mariuscautun/dtfe,15
github.com/markfortune/luas,4
github.com/markmageeastro/riddler,0
github.com/markmbaum/geoclim.jl,5
github.com/markusbonse/applefy,7
github.com/martenlourens/pysdr,1
github.com/martenlourens/sharc,1
github.com/martiancolonist/poseidon,31
github.com/martindelosrios/cosmic-kite,0
github.com/martindelosrios/messi,0
github.com/martindelosrios/roger,0
github.com/martinjameswhite/directsht,9
github.com/martinjameswhite/zeldovichrecon,0
github.com/martinsparre/xshpipelinemanager,4
github.com/marziarivi/radiolensfit2,0
github.com/maserlib/expres,5
github.com/masoncarney/stepped_luneburg,4
github.com/matiscke/lcps,1
github.com/matplotlib/viscm,175
github.com/matteobreschi/bajes,22
github.com/matteolucchini1/bhjet,15
github.com/matteozennaro/reps,4
github.com/matthewholman/assist,34
github.com/matthiasfabry/spinos,3
github.com/matthiaslee/xmatch,8
github.com/mattpitkin/psrqpy,45
github.com/mattyowl/astlib,5
github.com/mattyowl/fitscalingrelation,3
github.com/matvii/adam,22
github.com/matwey/fips3,30
github.com/mauropieroni/fastpta,15
github.com/mavrix93/lightcurvesclassifier,15
github.com/maxbernyk/lightcone,1
github.com/maxmahlke/ssos,8
github.com/maxpumperla/hyperas,2179
github.com/mayuresh159/starsense_algorithms,21
github.com/mbaes/sphecow,6
github.com/mbejger/polgraw-allsky,7
github.com/mbonav/exo_dmc,5
github.com/mbursa/disk-models,3
github.com/mbursa/sim5,16
github.com/mcataneo/mochi_class_public,6
github.com/mchalela/grispy,39
github.com/mcmahoncosmologygroup/holosim-ml,2
github.com/mcphac/mcphac,2
github.com/mctwo/mcmac,2
github.com/mdamiano/exotr,1
github.com/mdlreyes/void-dwarf-analysis,2
github.com/mdruett/cocoplot,9
github.com/me-manu/gammaalps,19
github.com/megamorph/galapagos,14
github.com/megamorph/galapagos-c,2
github.com/meganmansfield/igrins_transit,6
github.com/megbedell/wobble,38
github.com/mehdirezaie/sysnet,4
github.com/mehrnooshtahani/mappingblos_molecularclouds,8
github.com/mesahub/mesa,180
github.com/metal-sn/pymcz,8
github.com/meyeralexj/gubas,11
github.com/mgckind/easyaccess,15
github.com/mgckind/mlz,17
github.com/mgckind/sparsepz,2
github.com/mgieles/limepy,13
github.com/micbia/subgridclumping,0
github.com/micgrasso/bigonlight,5
github.com/michaelabdul-masih/spamms,5
github.com/michaelcretignier/rassine_public,16
github.com/michaelhb/superplot,6
github.com/michalychforever/aspy,0
github.com/michalychforever/class-pt,26
github.com/michalychforever/class_lvdm,3
github.com/miche-levi/pncbc-eftofpng,9
github.com/michellelochner/astronomaly,100
github.com/michielcottaar/velbin,0
github.com/mifumagalli/cluster-cloc,0
github.com/miguelcarcamov/csromer,6
github.com/miguelcarcamov/gpuvmem,29
github.com/migueldvb/cine,3
github.com/miguelea/nudec_bsm,12
github.com/miguelzuma/hi_class_public,34
github.com/mihanke/athos,1
github.com/mik3m4n/bacon,14
github.com/mik3m4n/ef-tigre,1
github.com/mikaelleroy/axionns_raytracing,1
github.com/mikecokina/elisa,17
github.com/mikegrudic/makecloud,9
github.com/mikekatz04/bowie,8
github.com/mikesmitka/truvot,0
github.com/mikeswang/harmonia,3
github.com/mikeswang/horizonground,3
github.com/mikhailklassen/protostellar_evolution,3
github.com/milescranmer/pysr,2979
github.com/milicolazo/pyedra,20
github.com/minaskar/hankl,26
github.com/minaskar/pocomc,104
github.com/minaskar/zeus,237
github.com/mingjiejian/sme,8
github.com/minkailin/stratsi,3
github.com/minzastro/unidam,7
github.com/mirochaj/ares,15
github.com/mirochaj/sedop,1
github.com/miroslavbroz/pyshellspec3,1
github.com/mischaschirmer/nebular,3
github.com/mit-starlab/deconfuser,2
github.com/mivp/encube,3
github.com/mj-will/nessai,40
github.com/mjrfringes/haystacks,1
github.com/mjtemple/qsogen,24
github.com/mjuric/galfast,3
github.com/mjuric/lsd,17
github.com/mjuvela/ism,7
github.com/mkargo/pipeline,4
github.com/mkelley/calviacat,4
github.com/mkelley/zchecker,3
github.com/mkenworthy/exorings,15
github.com/mkplummer/imber,2
github.com/mkunimoto/leo-vetter,6
github.com/mlafarga/raccoon,15
github.com/mlares/hearsay,0
github.com/mlarichardson/cosmoscanvas,8
github.com/mlarichardson/ramses2hsim,0
github.com/mlhutchins/lwpc,19
github.com/mlipatov/paint_atmospheres,6
github.com/mlower/rmnest,11
github.com/mlujnie/simple,6
github.com/mmelwani/accretr,3
github.com/mmp2/megaman,328
github.com/mneeleman/qubefit,12
github.com/mnguenther/allesfitter,65
github.com/mniwano/eclaire,11
github.com/moble/gwframes,17
github.com/moble/scri,20
github.com/moeyensj/atm,16
github.com/molscat/molscat,41
github.com/mommermi/photometrypipeline,65
github.com/morisset/pycloudy,35
github.com/morpheus-project/morpheus,59
github.com/morriscb/the-wizz,8
github.com/moscibrodzka/ipole,14
github.com/mostanes/umbrella2,1
github.com/mostanes/umbrella2-euronear,1
github.com/moustakas/impro,15
github.com/moustakas/isedfit,0
github.com/mp-gadget/bigfile,19
github.com/mpeel/fastcc,0
github.com/mperezcarrasco/anomalyalerce,11
github.com/mperrin/poppy,184
github.com/mpip/pfft,56
github.com/mpokorny/vysmaw,1
github.com/mpound/comb,0
github.com/mpound/pdrtpy,8
github.com/mr-superonion/fpfs,14
github.com/mraveri/tensiometer,24
github.com/mrbell/fsclean,0
github.com/mriener/gausspyplus,52
github.com/mrline/chimera,14
github.com/mrtommyb/ktransit,51
github.com/msabuschmann/sledgehamr,13
github.com/msailer1234/jwst_simulation,0
github.com/mslonina/mechanic,6
github.com/msm550/dmatis,1
github.com/msolpera/pyupmask,18
github.com/msyazwanfaid/authentication-algorithm-for-new-moon-visibility-report,0
github.com/msyazwanfaid/hilalpy,1
github.com/mtakahiro/gsf,11
github.com/mtazzari/binary,1
github.com/mtazzari/galario,32
github.com/mtazzari/uvplot,18
github.com/mtceballos/sirenadoc,0
github.com/mtlam/pypulse,28
github.com/mudit-jain90/i-spin,5
github.com/mugurbil/gnm,1
github.com/mulan-project/mulan,9
github.com/multiversario/satcand,2
github.com/multiwavelength/gleam,27
github.com/multiwavelength/redshifts,10
github.com/musevlt/muse-psfr,9
github.com/musevlt/origin,4
github.com/musevlt/zap,10
github.com/musoke/ultradark.jl,17
github.com/mwalmsley/zoobot,107
github.com/mwanakijiji/dewarp,0
github.com/mwanakijiji/rrlfe,0
github.com/mwaskom/seaborn,13325
github.com/mwhosek/extlaw_h18,0
github.com/mwvgroup/pwv_kpno,11
github.com/myinxd/mcrgnet,4
github.com/myrafproject/myrafproject,8
github.com/mzechmeister/gls,37
github.com/mzechmeister/serval,37
github.com/mzechmeister/viper,7
github.com/mzemp/halogen,5
github.com/n-bodyshop/fof,4
github.com/n-bodyshop/gasoline,29
github.com/n-bodyshop/smooth,2
github.com/n-bodyshop/tipsy,14
github.com/n-claes/legolas,13
github.com/nabeelre/btsbot,15
github.com/nabeelre/nimble,4
github.com/nadvornikjiri/hiss-cube,2
github.com/nanograv/enterprise,74
github.com/nanograv/pint,131
github.com/nanograv/ptmcmcsampler,55
github.com/naonori/hitomi,8
github.com/nasa-planetary-science/pade-disk-code,2
github.com/nasa-planetary-science/sbpy,73
github.com/nasa/cf,95
github.com/nasa/cfe,449
github.com/nasa/exoscene,7
github.com/nasa/kamodo,54
github.com/nasa/kepler-robovetter,29
github.com/nasa/keplerports,18
github.com/natashabatalha/pandexo,39
github.com/natashabatalha/picaso,76
github.com/natelust/least_asymmetry,1
github.com/nathanchara/l1periodogram,23
github.com/nathansandford/chem-i-calc,6
github.com/nbellomo/multi_class,6
github.com/ncar/ncar-classic-libraries-for-geophysics,29
github.com/ndaniyar/aphot,2
github.com/ndrakos/icicle,3
github.com/nebblu/react,14
github.com/neeravkaushal/rids-in-wcds,0
github.com/nell-byler/cloudyfsps,14
github.com/nemesiscode/radtrancode,21
github.com/neogeographytoolkit/stereopipeline,549
github.com/neslusan/beltcross2,0
github.com/nespinoza/exonailer,19
github.com/nespinoza/juliet,60
github.com/nespinoza/ld-exosim,1
github.com/nespinoza/limb-darkening,13
github.com/nespinoza/mc-spam,2
github.com/newstrangeworlds/bear,10
github.com/newstrangeworlds/fastchem,48
github.com/nextflow-io/nextflow,3084
github.com/nextgencmb/lensitbiases,3
github.com/ngbusca/quasarnet,14
github.com/nhcrisp/adbsat,21
github.com/nhurleywalker/fits_warp,6
github.com/nialljeffrey/bornraytrace,4
github.com/nialljeffrey/deepmass,14
github.com/nicholaswogan/photochem,14
github.com/nicholaswogan/photochempy,20
github.com/nickfarrow/galacticdnsmass,4
github.com/nickhand/pyrsd,9
github.com/nickk124/robust-outlier-rejection,7
github.com/nickmilsonphysics/binarystarsolver,13
github.com/nickrodd/hdmspectra,14
github.com/nickswainston/pulsar_spectra,16
github.com/nicocardiel/indexf,1
github.com/nicocardiel/rmodel,1
github.com/nikhil-sarin/redback,60
github.com/nitadori/scf-fdps,1
github.com/nithyanandan/prisim,13
github.com/nivha/three_body_integration,1
github.com/njcuk9999/apero-drs,12
github.com/njcuk9999/lbl,18
github.com/nkhorshid/simab,3
github.com/nksaunders/giants,3
github.com/nnssa/gallumi_public,15
github.com/noahsailer/fishlss,17
github.com/nombac/optab,17
github.com/noraeisner/latte,40
github.com/nrao/unipops,0
github.com/nrdd-constraints/nrdd,3
github.com/ntlucia/browndwarf-spectralindices,1
github.com/ntoles/tristan-mp-pitp,35
github.com/ntveem/sterile-dm,5
github.com/nu-radio/nuradiomc,37
github.com/nuc-astro/winnet,14
github.com/nuclear-multimessenger-astronomy/nmma,38
github.com/nugrid/nupycee,28
github.com/numcosmo/numcosmo,44
github.com/nuspacesim/nupyprop,14
github.com/nuspacesim/nuspacesim,11
github.com/nworbde/dstar,22
github.com/nye17/javelin,25
github.com/obreschkow/dftools,2
github.com/octapps/octapps,11
github.com/odlomax/spamcart-dev,1
github.com/ofionnad/radiowinds,5
github.com/oguri/glafic2,29
github.com/ohervet/bjet_mcmc,13
github.com/olebole/python-cpl,10
github.com/olivares-j/kalkayotl,13
github.com/oliveirara/polymv,0
github.com/oliverfhd/gpuniverse,2
github.com/oliverphilcox/chempymulti,10
github.com/oliverphilcox/effectivehalos,10
github.com/oliverphilcox/encore,21
github.com/oliverphilcox/hades,0
github.com/oliverphilcox/hipster,6
github.com/oliverphilcox/keplers-goat-herd,47
github.com/oliverphilcox/oneloopbispectrum,5
github.com/oliverphilcox/polybin3d,5
github.com/oliverphilcox/polyspec,15
github.com/oliverphilcox/rascalc,10
github.com/oliverphilcox/spectra-without-windows,6
github.com/omboersma/deepglow,9
github.com/ompha/clues,1
github.com/onsala-space-observatory/fakeobs,1
github.com/oorb/oorb,59
github.com/opencollab/arpack-ng,322
github.com/oscaribv/citlalicue,12
github.com/oscaribv/exotrending,11
github.com/oscaribv/pyaneti,47
github.com/ossos/surveysimulator,9
github.com/oxes/k2sc,18
github.com/pablomsanala/fabada,26
github.com/pablovd/21cmdeeplearning,3
github.com/pablovd/cosmographnet,18
github.com/pablovd/halographnet,28
github.com/pablovd/hayashi,3
github.com/pacurran/mcspearman,2
github.com/pahfit/pahfit_classic,0
github.com/palumbom/grass,4
github.com/panoptes/pocs,82
github.com/parisastronomicaldatacentre/opus,9
github.com/parkus/ffd,5
github.com/parkus/fiducial_flare,4
github.com/parkus/scicatalog,1
github.com/parsotat/batanalysis,37
github.com/parthenon-hpc-lab/parthenon,141
github.com/patkel/big-macs-calibrate,5
github.com/pau-amaro-seoane/messy,2
github.com/paulhancock/aegean,48
github.com/paulhancock/robbie,1
github.com/paulkuin/uvotpy,10
github.com/paulmcmillan-astro/galpot,23
github.com/paulmcmillan-astro/torus,5
github.com/paumard/cubefit,0
github.com/pavanvyn/triple-stability,4
github.com/pavolgaj/ocfit,7
github.com/pcubillos/gen_tso,9
github.com/pcubillos/mc3,33
github.com/pcubillos/pyratbay,13
github.com/pcubillos/rate,4
github.com/pcubillos/repack,4
github.com/pec27/hfof,15
github.com/pec27/lizard,1
github.com/pec27/smerfs,10
github.com/pedro-acunha/sheep,1
github.com/peijin94/fastqsl,4
github.com/pelahi/treefrog,5
github.com/pelahi/velociraptor-stf,21
github.com/pelican/pelican,18
github.com/pengchzn/yonder,5
github.com/pennucci/pulseportraiture,20
github.com/pentacle-team/pentacle,2
github.com/peregrine-gw/peregrine,15
github.com/peregrine-gw/saqqara,15
github.com/perwin/imfit,34
github.com/peterbartram/tes,9
github.com/peterdenton/ana,1
github.com/peterkamphuis/fat,4
github.com/peterkamphuis/pyfat-astro,3
github.com/petigura/terra,3
github.com/petrofit/petrofit,29
github.com/phasetracer/phasetracer,19
github.com/phil-mansfield/gotetra,13
github.com/phil-mansfield/shellfish,13
github.com/philbull/radiofisher,6
github.com/philippbaumeister/exomdn,10
github.com/phillippro/agatha,8
github.com/phillippro/pexo,4
github.com/phirling/pyc2ray,4
github.com/pierfied/karmma,6
github.com/piernik-dev/piernik,15
github.com/pierrehoudayer/rubis,5
github.com/pierrexyz/cbird,1
github.com/pierrexyz/pybird,28
github.com/pigimonaco/pinocchio,17
github.com/pipliggins/evo,9
github.com/pipliggins/evolve,7
github.com/pizzuti92/mg-mamposst,3
github.com/pj-watson/pygcg,0
github.com/pjcigan/multicolorfits,41
github.com/pjcigan/pysymlog,5
github.com/pkestene/ramsesgpu,59
github.com/pkgw/pwkit,28
github.com/pkugyf/mst,3
github.com/planck-npipe/hillipop,3
github.com/planck-npipe/lollipop,6
github.com/planethunters/tkmatrix,6
github.com/planethunters/watson,2
github.com/plasmapy/plasmapy,623
github.com/plazar/coast_guard,1
github.com/plazar/toaster,0
github.com/plotly/plotly.py,17526
github.com/pmaxted/pycheops,23
github.com/pmelchior/des-exp-checker,9
github.com/pmelchior/epsnoise,2
github.com/pmelchior/pygmmis,102
github.com/pmelchior/scarlet,54
github.com/pmelchior/shapelens,5
github.com/pmelchior/shear-stacking,2
github.com/pmelchior/skylens,5
github.com/pmelchior/skymapper,48
github.com/pmelchior/spender,41
github.com/pmvreeswijk/blackbox,7
github.com/pmvreeswijk/zogy,39
github.com/pocvirk/steckmap,1
github.com/podondra/bayesian-sznet,0
github.com/polychord/polychordlite,93
github.com/polymathicai/astroclip,146
github.com/pontoppi/radlite,4
github.com/portsmouth/cmbview,0
github.com/posydon-code/posydon,31
github.com/prajwel/curvit,15
github.com/pranab-jd/ipic3d-cpu-space-coe,2
github.com/pranab-jd/ipic3d-gpu-space-coe,1
github.com/pranab-jd/lexint,11
github.com/princetonuniversity/athena,272
github.com/princetonuniversity/athena-cversion,54
github.com/princetonuniversity/fasttemplateperiodogram,52
github.com/privong/pymccorrelation,11
github.com/privong/pymcspearman,1
github.com/professorbrunner/rc3-pipeline,5
github.com/projectchrono/chrono,2478
github.com/projectcuisines/thai_trilogy_code,6
github.com/pschella/k3match,11
github.com/pscicluna/precision,1
github.com/psheehan/pdspy,16
github.com/punzo/slicerastro,42
github.com/purmortal/galcraft,1
github.com/pw31/ggchem,20
github.com/pwry/lextes,1
github.com/pydl/cat-puma,9
github.com/pyfftw/pyfftw,396
github.com/pyfstat/pyfstat,50
github.com/pymc-devs/pymc,9133
github.com/pymvpa/pymvpa,317
github.com/pynbody/genetic,25
github.com/pynbody/pynbody,178
github.com/pynbody/tangos,20
github.com/pynpoint/pynpoint,21
github.com/pynucastro/pynucastro,63
github.com/pypeit/pypeit,183
github.com/pyro-ppl/numpyro,2501
github.com/pyro-ppl/pyro,8829
github.com/pysat/pysat,160
github.com/pyspeckit/pyspeckit,108
github.com/q3d/q3dfit,15
github.com/qef/q-e,615
github.com/qhull/qhull,780
github.com/qianlivan/rppps,8
github.com/quantumplasma/sfqedtoolkit,16
github.com/quatrope/astroalign,151
github.com/quatrope/feets,53
github.com/quatrope/properimage,27
github.com/quokka-astro/quokka,50
github.com/rabrahm/ceres,41
github.com/rabrahm/zaspe,6
github.com/radicamc/applesoss,0
github.com/radicamc/exotedrf,2
github.com/radio-astro-tools/pvextractor,16
github.com/radio-astro-tools/spectral-cube,99
github.com/radio-astro-tools/statcont,10
github.com/radio-astro-tools/uvcombine,20
github.com/radioastronomysoftwaregroup/pyuvdata,92
github.com/radiocosmology/caput,14
github.com/radiocosmology/draco,9
github.com/radiocosmology/driftscan,16
github.com/radis/radis,245
github.com/rae-holcomb/spinspotter,6
github.com/rafaeleufrasio/lightning,7
github.com/rafaelsdesouza/amada,2
github.com/rafaelsdesouza/qrpca,6
github.com/rafikueng/spaghettilens,4
github.com/raghuastro/grizzly,0
github.com/rahulshah1397/ladder,2
github.com/rainthunderwyl/lord,5
github.com/rainwoodman/gaepsi,14
github.com/rajeshmondal18/dvisukta,2
github.com/rajeshmondal18/fof-halo-finder,4
github.com/rajeshmondal18/maps,3
github.com/rajeshmondal18/n-body,7
github.com/rajeshmondal18/reionyuga,5
github.com/ramses-organisation/ramses,63
github.com/ranieremenezes/easyfermi,48
github.com/rasg-affiliates/healvis,4
github.com/rathnakumars/difference-smoothing,0
github.com/ratt-ru/breizorro,5
github.com/ratt-ru/codex-africanus,21
github.com/ratt-ru/cubical,18
github.com/ratt-ru/dask-ms,19
github.com/ratt-ru/eidos,16
github.com/ratt-ru/montblanc,10
github.com/ratt-ru/pymoresane,11
github.com/ratt-ru/quartical,8
github.com/ratt-ru/rodrigues,7
github.com/ratt-ru/smops,1
github.com/ratt-ru/solarkat,2
github.com/ratt-ru/stimela-classic,28
github.com/rbrthogan/gaz,1
github.com/rcthomas/es,11
github.com/realfastvla/realfast,9
github.com/realfastvla/rfpipe,11
github.com/reference-lapack/lapack,1683
github.com/reggiebernardo/ptafast,13
github.com/regonzar/paravt,20
github.com/remi-adam/minot,5
github.com/remingtonsexton/badass3,50
github.com/renecotyfanboy/jaxspec,32
github.com/reneheller/pile-up,0
github.com/revoltek/losoto,11
github.com/rezeebe/orbitn,3
github.com/rfeldmann/leopy,18
github.com/rferdman/afr,1
github.com/rhayes777/pyautofit,64
github.com/rhdtownsend/gyre,35
github.com/rhyspoulton/orbweaver,1
github.com/rhyspoulton/wherewolf,0
github.com/rice-solar-physics/ebtel,8
github.com/richardpiii/cumulative-time-dilation,0
github.com/richteague/bettermoments,16
github.com/richteague/disksurf,10
github.com/richteague/eddy,22
github.com/richteague/gofish,14
github.com/rickkessler/snana,43
github.com/riogroup/sora,17
github.com/rkiman/wdwarfdate,17
github.com/rmjarvis/piff,65
github.com/rmjarvis/treecorr,107
github.com/rnazx/scaling-relations,1
github.com/rnikutta/rhocube,2
github.com/roban/cosmolopy,46
github.com/robdjeff/eagles,9
github.com/roberthtyler/tropf,2
github.com/robertwissing/eos,1
github.com/robol/mpsolve,42
github.com/robynlm/ebweyl,9
github.com/robynlm/icpertflrw,2
github.com/robynlm/sphereint,2
github.com/rodluger/everest,42
github.com/rodluger/planetplanet,44
github.com/rodluger/starry,151
github.com/rodluger/starry_process,17
github.com/rohinkumar/correlcalc,7
github.com/romain-thomas-shef/dfitspy,5
github.com/romain-thomas-shef/photon,3
github.com/ronnyerrmann/hiflex,12
github.com/rorybarnes/eqtide,4
github.com/rossfadely/star-galaxy-classification,7
github.com/rossjturner/raisered,2
github.com/rozanskit/suppnet,14
github.com/rpoleski/mulensmodel,63
github.com/rreischke/onecovariance,14
github.com/rsnemmen/asurv,6
github.com/rsnemmen/bces,61
github.com/rtip/artip,18
github.com/ruggiero/clustep,5
github.com/ruggiero/galstep,12
github.com/ruiningzhao/wcpy,2
github.com/russelljurek/busy-function-fitting,5
github.com/ruta-k/ugmrt-pipeline-outdated,6
github.com/ruthangus/flicker,3
github.com/ruthangus/gprotation,10
github.com/ruthangus/sipk2,7
github.com/ruthangus/stardate,13
github.com/rwcarlsen/pswarm,0
github.com/ryanhausen/fitsmap,62
github.com/ryanoelkers/dia,21
github.com/ryanvarley/exodata,36
github.com/rychallener/theresa,5
github.com/rzellem/exotic,100
github.com/saberyoung/haffet,11
github.com/sail-labs/amical,9
github.com/saltastro/pyhrs,0
github.com/samb8s/psrpoppy,17
github.com/sambit-giri/bcemu,4
github.com/samconnolly/delightcurvesimulation,39
github.com/sami-galaxy-survey/sami,3
github.com/samreay/barry,21
github.com/samreay/chainconsumer,85
github.com/samreay/marz,18
github.com/samuelyeewl/specmatch-emp,9
github.com/sandialabs/appspack,0
github.com/sandyyuan/grand-hod,5
github.com/sandyyuan/s3pcf,3
github.com/sanjibs/bmcmc,59
github.com/saopicc/ddfacet,19
github.com/saopicc/killms,12
github.com/sapearson/hss,5
github.com/sarrvesh/cuffs,7
github.com/sarveshvgharat/plages-identification,1
github.com/sauddy/grinn,4
github.com/savila/halogen,2
github.com/sbailey/empca,81
github.com/sbi-dev/sbi,713
github.com/sbird/fake_spectra,16
github.com/sbird/genpk,9
github.com/sblunt/orbitize,86
github.com/sbraden/circle-craters,17
github.com/sbussmann/uvmcmcfit,11
github.com/schlafly/crowdsource,21
github.com/schulik/aiolos,5
github.com/schulze61/rhopop,0
github.com/scikit-hep/iminuit,300
github.com/scikit-learn-contrib/hdbscan,2965
github.com/scotthgn/agnvar,5
github.com/scotthgn/relagn,6
github.com/scottransom/presto,250
github.com/sczesla/pyastronomy,166
github.com/sdrastro/nwelch,8
github.com/sdss/mangadap,21
github.com/sdss/marvin,58
github.com/seamusclarke/bts,4
github.com/seamusclarke/fragment,7
github.com/seamusclarke/rjplots,5
github.com/seap-udea/iwander,1
github.com/seawander/centerradon,1
github.com/seawander/debrisdiskfm,3
github.com/sebastian-zieba/pacman,6
github.com/sebastianbocquet/pygtc,33
github.com/sebhoof/solaraxionflux,8
github.com/seboliver/pca,0
github.com/seclark/rht,25
github.com/seeh/surprise,4
github.com/sefffal/octofitter.jl,43
github.com/segasai/q3c,84
github.com/segasai/rvspecfit,20
github.com/seheonoh/2dbat,4
github.com/seheonoh/baygaud,3
github.com/semaphorep/whereistheplanet,11
github.com/sep-developers/sep,201
github.com/seshnadathur/revolver,9
github.com/sethspjohnso/satmc,2
github.com/sevenian3/chromastarpy,10
github.com/sevenian3/graystar4,0
github.com/sevenian3/graystar4server,0
github.com/sevenstarknight/linearsupervisedclassification,0
github.com/sevenstarknight/ocdetector,0
github.com/sevenstarknight/ssmm,1
github.com/sevenstarknight/variablestaranalysis,0
github.com/sfarrens/sf_deconvolve,25
github.com/sfarrens/sfof,15
github.com/sfeeney/ddspectra,3
github.com/sfeeney/hh0,12
github.com/sfschen/velocileptors,21
github.com/sfu-cosmo/mgcamb,6
github.com/sgshulman/dgem,2
github.com/shadden/celmech,64
github.com/shahmoradi/grb_world,0
github.com/shaunfell/grboondi,4
github.com/shbhuk/barycorrpy,43
github.com/shbhuk/mrexo,5
github.com/sheng-qi-yang/hiilines,5
github.com/shengjin/nii,3
github.com/shengjin/nii-c,7
github.com/shergreen/satgen,23
github.com/sherpa-deproject/deproject,5
github.com/sherpa/sherpa,157
github.com/sheydenreich/threepoint,5
github.com/shihyuntang/igrins_rv,-1
github.com/shinichiroando/sashimi-c,8
github.com/shinichiroando/sashimi-w,3
github.com/shishirdholakia/eclipsoid,6
github.com/shtools/shtools,396
github.com/sibirrer/hierarc,10
github.com/sibirrer/lenstronomy,12
github.com/sibirrer/psfr,27
github.com/sidchaini/distclassipy,9
github.com/sidmohite/nimbus-astro,5
github.com/sihanjiao/j-comb,3
github.com/sihaocheng/wd_models,34
github.com/silburt/deepmoon,136
github.com/simon-prunet/defringe,7
github.com/simoncan/glemur,1
github.com/simoncasassus/conerot,0
github.com/simonpfeifer/cows,7
github.com/simonsobs/hmvec,10
github.com/simonsobs/mnms,2
github.com/simonsobs/nemo,8
github.com/simonsobs/pixell,51
github.com/simonsobs/so_noise_models,8
github.com/sioslab/exodetbox,3
github.com/sioslab/nexo,0
github.com/siriobelli/flame,4
github.com/sispo-developers/sispo,22
github.com/sixbynine/pulsarhunter,3
github.com/sj001/ai-feynman,699
github.com/sjaffa/jplots,3
github.com/sjforeman/bskit,12
github.com/sjforeman/stringfast,0
github.com/ska-inaf/caesar,4
github.com/ska-inaf/caesar-rest,4
github.com/ska-sa/hibayes,2
github.com/ska-sa/katdal,12
github.com/skendrew/midir_sensitivity,4
github.com/skendrew/milkywayproject_triggering,0
github.com/skiehl/lcsim,7
github.com/skiehl/polarizationtools,6
github.com/skiehl/wwz,20
github.com/skyfielders/python-skyfield,1570
github.com/skypyproject/skypy,125
github.com/smandal97/sprout,2
github.com/smaret/astrochem,21
github.com/smaret/thindisk,5
github.com/smeingast/pnicer,12
github.com/smirik/mercury,65
github.com/smirik/resonances,9
github.com/smith42/astroddpm,57
github.com/smith42/astropt,34
github.com/smith42/pix2prof,10
github.com/smith42/xdf-gan,22
github.com/smoh/kinesis,6
github.com/smsharma/dark-photons-perturbations,3
github.com/smsharma/fermi-gce-flows,6
github.com/smsharma/mining-for-substructure-lens,32
github.com/snad-space/ztf-viewer,14
github.com/snad-space/zwad,11
github.com/sncosmo/extinction,46
github.com/sncosmo/sncosmo,77
github.com/snews2/snewpy,32
github.com/snfactory/binaryoffset,6
github.com/snowglobes/snowglobes,24
github.com/soerenslarsen/baolab,1
github.com/soerenslarsen/ispy3,1
github.com/sofia-admin/sofia,0
github.com/sofia-admin/sofia-2,0
github.com/soichiro-hattori/unpopular,18
github.com/soleneulmer/bem,8
github.com/solerjuan/astrohog,27
github.com/solerjuan/magnetar,15
github.com/someone789/galax2d,0
github.com/songningqiang/cosmoled,3
github.com/sonny-harman/snowball,1
github.com/sophiemlv/axionhmcode,8
github.com/sosl/h-fista,3
github.com/sousasag/ares,13
github.com/sousasag/tmcalc,2
github.com/soylentdeen/counterpoint,3
github.com/soylentdeen/moogstokes,7
github.com/spaceml/galaxygan,22
github.com/spaceodyssey/blobby3d,0
github.com/spacepy/spacepy,253
github.com/spacetelescope/acstools,7
github.com/spacetelescope/astrocut,28
github.com/spacetelescope/astronify,82
github.com/spacetelescope/hst_cosmic_rays,0
github.com/spacetelescope/hstaxe,11
github.com/spacetelescope/imexam,75
github.com/spacetelescope/jdaviz,159
github.com/spacetelescope/mirage,43
github.com/spacetelescope/poppy,243
github.com/spacetelescope/pyfits,27
github.com/spacetelescope/pystortion,0
github.com/spacetelescope/spaceklip,17
github.com/spacetelescope/specview,6
github.com/spacetelescope/specviz,44
github.com/spacetelescope/stsdas_stripped,1
github.com/spacetelescope/stsynphot_refactor,15
github.com/spacetelescope/synphot_refactor,41
github.com/spacetelescope/webbpsf,126
github.com/spamfour/redpipe,7
github.com/sparta-dev/sparta,10
github.com/spastras/galclass,3
github.com/spearnet/transitfit,3
github.com/spedas/pyspedas,172
github.com/spexod/islat,9
github.com/spicy-oil/hfs_fit,0
github.com/ssdatalab/psfmachine,19
github.com/ssdatalab/vetting,3
github.com/stammler/dustpy,27
github.com/stammler/dustpylib,4
github.com/starfish-develop/starfish,74
github.com/starfleetjames/james-s-eve-dimming-index-jedi,7
github.com/starkit/wsynphot,3
github.com/starlink/aspic,2
github.com/starlink/hds-v5,1
github.com/starlink/orac-dr,9
github.com/starlink/pal,29
github.com/starlink/palpy,3
github.com/starlink/perl-starlink-autoastrom,1
github.com/starlink/starjava,103
github.com/starlink/starlink,184
github.com/stassev/colacode,1
github.com/stefano-meschiari/systemic2,54
github.com/stefanofisc/dartvetter,0
github.com/stefanofisc/dartvetter_apj,0
github.com/stekhoven/missforest,97
github.com/stellar-group/octotiger,52
github.com/stephenjhardy/sl1m,1
github.com/sterlingym/astropips,7
github.com/stermzsofi/tide,0
github.com/steven-murray/halomod,33
github.com/steven-murray/mrpy,1
github.com/steven-murray/powerbox,26
github.com/stevengiacalone/triceratops,23
github.com/stevengj/nlopt,2068
github.com/stevertaylor/gw_pta_emulator,5
github.com/stingraysoftware/hendrics,25
github.com/stingraysoftware/stingray,198
github.com/storyofthewolf/exocam,20
github.com/storyofthewolf/exort,10
github.com/stuermer/echellesimulator,11
github.com/subisarkar/jexosim,7
github.com/sundarjhu/2-dust,1
github.com/sunnyvagnozzi/braneworld-extra-dimensions,1
github.com/sunpy/ndcube,46
github.com/supernnova/supernnova,32
github.com/surhudm/aum,4
github.com/surhudm/savitzky_golay_with_errors,11
github.com/swagnercarena/ovejero,10
github.com/swagnercarena/paltas,16
github.com/swat-sheffield/sac,0
github.com/swiftsim/swiftgalaxy,6
github.com/sxs-collaboration/gwsurrogate,31
github.com/sxs-collaboration/spectre,170
github.com/sxs-collaboration/sxs,31
github.com/t-brandt/acorns-adi,1
github.com/t-brandt/fitramp,6
github.com/t-brandt/orvara,36
github.com/taehoryu/tdemass,2
github.com/takafumi291/essence,6
github.com/tamarervin/solaster,3
github.com/tanner-trickle/exceed-dm,12
github.com/tansudaylan/pcat,5
github.com/taranu/allstarfit,1
github.com/tardis-sn/carsus,26
github.com/tardis-sn/tardis,220
github.com/tatekawa-astron/3lpt-init,0
github.com/tatekawa-astron/pn,0
github.com/tbilby/tbilby,7
github.com/tbisbas/pdfchem,7
github.com/tbronzwaer/raptor,23
github.com/tcallister/autoregressive-bbh-inference,4
github.com/tcassanelli/pywpf,6
github.com/tcherninceline/ppinteractions,0
github.com/tcollett/lenspop,26
github.com/tdrobinson/coronagraph_noise,3
github.com/teamcompas/compas,74
github.com/teamlegwork/legwork,44
github.com/tehanhunter/tess_gaia_light_curve,40
github.com/telegraphic/fits2hdf,24
github.com/telegraphic/pygdsm,30
github.com/telegraphic/pygsm,23
github.com/temken/damascus,7
github.com/temken/damascus-crust,9
github.com/temken/damascus-sun,6
github.com/temken/darkarc,7
github.com/temken/dirac_vs_majorana,1
github.com/temuller/piscola,8
github.com/teoxxx/nemiss_proper,0
github.com/teoxxx/rlos,0
github.com/terryyin/lizard,2007
github.com/tessgi/tess-point,33
github.com/tessgi/tvguide,4
github.com/teuben/ascl-tools,6
github.com/teuben/datacomb,9
github.com/teuben/nemo,71
github.com/teuben/qac,0
github.com/thdauser/relxill,16
github.com/thdauser/sixte,21
github.com/theonefromnowhere/fitcov,1
github.com/thevictormunoz/nuhawkhunter,8
github.com/thierry-sousbie/dice,7
github.com/thierry-sousbie/disperse,44
github.com/tholoien/empiricisn,2
github.com/tholoien/xdgmm,24
github.com/thomasedwardriley/xpsi-pre-transfer,1
github.com/thomasorb/orb,9
github.com/thomasorb/orbs,3
github.com/thomasorb/orcs,10
github.com/thomaswilliamsastro/mcfine,1
github.com/threeml/astromodels,49
github.com/threeml/threeml,79
github.com/tianlaiproject/tlpipe,14
github.com/tiberioap/grav_waldo,2
github.com/tidymess-code/tidymess,4
github.com/tikk3r/legacystamps,6
github.com/tillense/fosite,5
github.com/timothyadavis/gastimator,2
github.com/timothyadavis/kinms,5
github.com/timothyadavis/kinmspy,18
github.com/timothydmorton/isochrones,128
github.com/timothydmorton/vespa,37
github.com/timstaley/amisurvey,0
github.com/timstaley/chimenea,1
github.com/timstaley/drive-ami,0
github.com/timstaley/drive-casa,8
github.com/timstaley/voevent-parse,11
github.com/tingyuansen/the_payne,19
github.com/tjlcbakx/redshift-search-graphs,2
github.com/tkarwal/procoli,8
github.com/tkerscher/blast,6
github.com/tloredo/cudahm,1
github.com/tmcclintock/areconstructiontool,6
github.com/tmcclintock/cluster_toolkit,23
github.com/tnakazato/priism,23
github.com/tofflemire/saphires,11
github.com/tomasplsek/cadet,8
github.com/tomasstolker/artes,2
github.com/tomasstolker/pycrires,3
github.com/tomasstolker/species,25
github.com/tomlouden/spiderman,23
github.com/tommasoronconi/scampy,4
github.com/tomwagg/cogsworth,21
github.com/tonhingm/photoe-v1,0
github.com/torluca/morphofit,4
github.com/toros-astro/astroalign-legacy,8
github.com/toros-astro/corral,6
github.com/torrance/pigi,5
github.com/toshiyan/cmblensplus,13
github.com/tp2vis/distribute,9
github.com/tpapp/mcmcdiagnostics.jl,21
github.com/transientskp/lpf,1
github.com/transientskp/pyse,11
github.com/transientskp/tkp,20
github.com/trasal/amber,6
github.com/trasal/frbcat,20
github.com/trasal/frbpoppy,30
github.com/treecode/bonsai,71
github.com/trevisanj/pfant,3
github.com/trident-project/trident,24
github.com/tripathi/atmospheric-athena,7
github.com/trivnguyen/florah,4
github.com/tronsgaard/barycorr,5
github.com/trovemaster/duo,16
github.com/trovemaster/exocross,12
github.com/trovemaster/trove,15
github.com/tschad/pycelp,12
github.com/tsfloss/densityfieldtools,0
github.com/tsfloss/urecon,1
github.com/tuoyl/tat-pulsar,5
github.com/turinglang/mcmcdiagnostictools.jl,20
github.com/tvwenger/hii-region-kinematics,2
github.com/tvwenger/hii-region-models,1
github.com/tvwenger/kd,14
github.com/tvwenger/kinematic_scaleheight,2
github.com/tvwenger/millennium-tap-query,1
github.com/tvwenger/tmbidl,0
github.com/tvwenger/wisp,3
github.com/ubc-astrophysics/kd-match,0
github.com/ucberkeleyseti/blimpy,49
github.com/ucberkeleyseti/turbo_seti,60
github.com/ucl-cosmoparticles/modechord,0
github.com/ucl-exoplanets/exogan_public,8
github.com/ucl-exoplanets/exotethys,17
github.com/ucl-exoplanets/pylightcurve,40
github.com/ucl-exoplanets/taurex3,5
github.com/uclchem/chemulator,6
github.com/uclchem/spectralradex,18
github.com/ulebreui/shark,3
github.com/umbralcalc/foxi,0
github.com/umbralcalc/nfield,1
github.com/umbramortem/nprofit,1
github.com/undark-lab/albatross,7
github.com/undark-lab/sstrax,9
github.com/undark-lab/swyft,164
github.com/user29a/ccdlab,8
github.com/uwssg/aps,3
github.com/v-morello/clfd,18
github.com/v-morello/iqrm,11
github.com/v-morello/riptide,39
github.com/vaexio/vaex,8415
github.com/valar-hub/mmlphoto-z,1
github.com/valboz/rtmodel,12
github.com/valboz/vbbinarylensing,24
github.com/valboz/vbmicrolensing,15
github.com/valcin/be_happy,0
github.com/valerio-marra/calpriorsnia,7
github.com/valerio-marra/turbogl,0
github.com/vallima/prymordial,23
github.com/vallis/libstempo,32
github.com/vallis/mc3pta,9
github.com/vallis/synthlisa,16
github.com/varnani/pywd2015-qt5,11
github.com/varstardetect/varstardetect,3
github.com/vasilykokorev/stardust,2
github.com/vchristiaens/minds,0
github.com/vchristiaens/special,4
github.com/vchristiaens/vcal_sphere,3
github.com/vedantchandra/wdtools,17
github.com/venkateshgopinath/falcon-dns,0
github.com/veragluscevic/dmdd,13
github.com/veusz/veusz,959
github.com/vhaasteren/piccard,7
github.com/vidakris/flatwrm,6
github.com/vijayvarma392/surfinbh,23
github.com/vikalibrate/fortesfit,17
github.com/villrv/superraenn,1
github.com/vincentvaneylen/k2photometry,1
github.com/virtualplanetarylaboratory/atmos,57
github.com/virtualplanetarylaboratory/vplanet,148
github.com/visit-dav/visit,487
github.com/vmboehm/madlens,10
github.com/vmplacco/linemake,27
github.com/vojtech-sidorin/quickclump,3
github.com/vortex-exoplanet/vip,74
github.com/vosjo/speedyfit,17
github.com/vreverdy/magrathea,2
github.com/vreverdy/magrathea-pathfinder,0
github.com/vrodgom/statmorph,42
github.com/vspec-collab/vspec,2
github.com/vsquicciarini/madys,7
github.com/vsulis5357/sonification,0
github.com/vterron/lemon,64
github.com/wang-ruihui/a-live-homogeneous-database-of-solar-active-regions,5
github.com/wangbingjie/sbi_pp,29
github.com/warwick-plasma/lare3d,15
github.com/wathela/first-classifier,4
github.com/wathela/pymerger,0
github.com/waynebhayes/sparcfire,10
github.com/wchenastro/mosaic,9
github.com/wcoulton/compressedfisher,13
github.com/wdpozzo/raynest,6
github.com/webbjj/m2mcluster,5
github.com/websky-cita/xgpaint.jl,5
github.com/wen-jams/bsavi,1
github.com/wf4ever/astrotaverna,6
github.com/willvousden/ptemcee,60
github.com/winger/hawking_net,2
github.com/wokast/pycactus,10
github.com/wokast/reprimand,9
github.com/wordsworthgroup/mars_redox_2021,4
github.com/wpb-astro/mcsed,3
github.com/wullm/fastdf,3
github.com/wullm/zwindstroom,1
github.com/xastprl/darsakx,2
github.com/xdqso/xdqso,2
github.com/xephem/xephem,183
github.com/xfangcosmo/2dfftlog,6
github.com/xfangcosmo/fftlog-and-beyond,20
github.com/xgds/xgds_core,1
github.com/xgi-msu/pyimrphenomd,10
github.com/xgi-msu/wdmwavelettransforms,11
github.com/xinglunju/pyamor,4
github.com/xpsi-group/xpsi,41
github.com/xraypy/xraylarch,154
github.com/xstarkit/mpi_xstar,9
github.com/xychcz/s3fit,4
github.com/xzackli/wignerfamilies.jl,12
github.com/yair111/analyticlc,5
github.com/yangxiaolinyn/lemon,10
github.com/yanliang-astro/aestra,8
github.com/yapenzhang/excalibuhr,7
github.com/yash-10/beta-sgp,0
github.com/yash-10/periodogram-comparison-optimize-planet-detection,0
github.com/ybillchen/particle_spray,8
github.com/ycwu1030/evoemd,5
github.com/yfperezg/frisbhee,10
github.com/yi-jia-li/cue,15
github.com/yihanwangastro/spacehub,9
github.com/yinanzhao21/soap_gpu,3
github.com/ymaan4/rficlean,18
github.com/yongsukyee/uncertain_blackholemass,2
github.com/youngjookim/sdr,0
github.com/ypmen/pulsarx,19
github.com/yqiuu/spectuner,5
github.com/yqiuu/starduster,4
github.com/ysovar/ysovar,7
github.com/ytree-project/ytree,16
github.com/yuguangchen1/kcwikit,8
github.com/yuhaoran/cube,3
github.com/yuliang419/astronet-triage,36
github.com/yuliang419/astronet-vetting,16
github.com/yungkipreos/min-calm,1
github.com/ywx649999311/eztao,23
github.com/ywx649999311/vizic,13
github.com/yymao/abundancematching,6
github.com/zachetienne/nrpytutorial,101
github.com/zafiirah13/meercrab,7
github.com/zblz/naima,50
github.com/zclaytor/butterpy,16
github.com/zclaytor/kiauhoku,21
github.com/zenitani/openmhd,55
github.com/zgazak/tap,5
github.com/zhang-zhixiang/stellarspecmodel,3
github.com/zhangyk8/sconce-scms,2
github.com/zhangzzk/forklens,3
github.com/zheng-lh/uber,4
github.com/ziotom78/dacapo_calibration,1
github.com/ziotom78/healpix.jl,55
github.com/ziotom78/polycomp,0
github.com/zkdtc/mlc_elgs,9
github.com/zoglauer/megalib,45
github.com/zonca/dst,0
github.com/zonca/python-qucs,24
github.com/zooniverse/starpy,4
github.com/zpenoyre/causticfrog,1
github.com/zpenoyre/oot,3
github.com/zstone19/pypetal,11
